country,country_code,year,account_pct,bank_account_pct,mobile_account_pct
Afghanistan,AFG,2014,0.099610012,0.099610012,0.003044038
Argentina,ARG,2014,0.501972945,0.501972945,0.004323196
Armenia,ARM,2014,0.176690647,0.172399639,0.006578374
Bangladesh,BGD,2014,0.309908189,0.291421029,0.026917143
Benin,BEN,2014,0.166208335,0.159799342,0.020227271
Bolivia,BOL,2014,0.417967196,0.407108203,0.027771435
Botswana,BWA,2014,0.519645703,0.492435843,0.207515244
Brazil,BRA,2014,0.681231585,0.681231585,0.008577455
Burkina Faso,BFA,2014,0.143575961,0.134244859,0.030809696
Burundi,BDI,2014,0.071057586,0.069434607,0.007463846
Cambodia,KHM,2014,0.221652658,0.125564942,0.132945547
Cameroon,CMR,2014,0.121777347,0.113510369,0.017966049
Chad,TCD,2014,0.124333451,0.076994981,0.057501066
Chile,CHL,2014,0.632588778,0.632107562,0.037898508
Colombia,COL,2014,0.389990168,0.383533374,0.02212442
"Congo, Dem. Rep.",COD,2014,0.174769844,0.10907591,0.092086641
"Congo, Rep.",COG,2014,0.170695977,0.166836554,0.01985446
Cote d'Ivoire,CIV,2014,0.343220227,0.151362557,0.242613766
Dominican Republic,DOM,2014,0.540909896,0.53986396,0.023180556
"Egypt, Arab Rep.",EGY,2014,0.14126797,0.13651753,0.011449442
El Salvador,SLV,2014,0.367197118,0.346347202,0.045567878
Ethiopia,ETH,2014,0.217915817,0.217915817,0.000278949
Gabon,GAB,2014,0.330141832,0.301545536,0.066484249
Ghana,GHA,2014,0.405057942,0.346183758,0.130065504
Guatemala,GTM,2014,0.413492185,0.407867284,0.017702767
Guinea,GIN,2014,0.069600173,0.061701273,0.014732857
Haiti,HTI,2014,0.188586778,0.174960995,0.037826898
Honduras,HND,2014,0.314863604,0.300436578,0.034087009
India,IND,2014,0.5314155,0.527538087,0.023522101
Indonesia,IDN,2014,0.360589893,0.359473605,0.004496315
"Iran, Islamic Rep.",IRN,2014,0.922802533,0.921752207,0.044956916
Jamaica,JAM,2014,0.78458207,0.783459619,0.009165031
Jordan,JOR,2014,0.246159099,0.246159099,0.004686658
Kenya,KEN,2014,0.746578329,0.552055402,0.583926337
Lebanon,LBN,2014,0.469271357,0.469271357,0.006707376
Madagascar,MDG,2014,0.085513387,0.057274886,0.043560187
Malawi,MWI,2014,0.180924196,0.161356668,0.038441009
Malaysia,MYS,2014,0.806746218,0.806746218,0.028302111
Mali,MLI,2014,0.200760415,0.132534052,0.116424546
Mauritania,MRT,2014,0.228658822,0.204453831,0.06480396
Mauritius,MUS,2014,0.822082722,0.822082722,0.008643314
Mexico,MEX,2014,0.391408432,0.386953463,0.034240299
Mongolia,MNG,2014,0.918217819,0.918217819,0.049979871
Myanmar,MMR,2014,0.22784195,0.226204029,0.001637921
Namibia,NAM,2014,0.588338977,0.580632429,0.103590939
Nepal,NPL,2014,0.338013509,0.338013509,0.003360386
Nicaragua,NIC,2014,0.19438484,0.188548055,0.010537743
Niger,NER,2014,0.067065881,0.034900444,0.038526655
Nigeria,NGA,2014,0.444419847,0.441732003,0.022949613
Pakistan,PAK,2014,0.130361911,0.087061384,0.057997994
Panama,PAN,2014,0.436621402,0.43403554,0.015579504
Peru,PER,2014,0.28975232,0.28975232,0
Philippines,PHL,2014,0.312858339,0.280657249,0.042258738
Romania,ROU,2014,0.608371569,0.607945378,0.00462934
Rwanda,RWA,2014,0.421169126,0.381448873,0.180976852
Senegal,SEN,2014,0.154245721,0.119218113,0.061883609
Sierra Leone,SLE,2014,0.155800105,0.141488477,0.044523879
Singapore,SGP,2014,0.963525998,0.963525998,0.061494599
Somalia,SOM,2014,0.386603281,0.078557174,0.370659137
South Africa,ZAF,2014,0.703174555,0.687672342,0.144281802
Sri Lanka,LKA,2014,0.826913823,0.826913823,0.000766368
Tajikistan,TJK,2014,0.114592329,0.114592329,0
Tanzania,TZA,2014,0.397794763,0.190412307,0.323586983
Thailand,THA,2014,0.781365538,0.781365538,0.013012658
Togo,TGO,2014,0.18251463,0.17614923,0.014100388
Tunisia,TUN,2014,0.274323115,0.272632283,0.006187012
Turkiye,TUR,2014,0.566774866,0.565125673,0.008081998
Uganda,UGA,2014,0.444471544,0.277834243,0.351003784
United Arab Emirates,ARE,2014,0.837433269,0.832043162,0.114909874
Uruguay,URY,2014,0.455857273,0.453554098,0.012334332
"Venezuela, RB",VEN,2014,0.570263255,0.568573446,0.029790692
Viet Nam,VNM,2014,0.309509468,0.308643549,0.004965069
Zambia,ZMB,2014,0.356448713,0.312924169,0.121143072
Zimbabwe,ZWE,2014,0.323892494,0.171894919,0.215955208
Afghanistan,AFG,2017,0.148933122,0.145470839,0.009138161
Albania,ALB,2017,0.400151702,0.393175046,0.02377762
Argentina,ARG,2017,0.487084867,0.479166929,0.024161674
Armenia,ARM,2017,0.477590178,0.453288188,0.09755307
Bangladesh,BGD,2017,0.50046913,0.409726485,0.212459589
Benin,BEN,2017,0.384892214,0.318845146,0.180938376
Bolivia,BOL,2017,0.544050565,0.512075036,0.071193898
Botswana,BWA,2017,0.510324508,0.448283061,0.243783067
Brazil,BRA,2017,0.700439481,0.700439481,0.048365306
Burkina Faso,BFA,2017,0.431599923,0.233405272,0.330227985
Cambodia,KHM,2017,0.216717841,0.178021689,0.056595087
Cameroon,CMR,2017,0.345907909,0.268667702,0.151378299
Chad,TCD,2017,0.217591927,0.087534968,0.152334098
Chile,CHL,2017,0.743492432,0.738367048,0.18670815
Colombia,COL,2017,0.457592285,0.448889825,0.047374512
"Congo, Dem. Rep.",COD,2017,0.25825675,0.149951964,0.160963406
"Congo, Rep.",COG,2017,0.260927488,0.232579674,0.062384391
Cote d'Ivoire,CIV,2017,0.413309552,0.147665969,0.340531734
Dominican Republic,DOM,2017,0.56239191,0.547829503,0.038946795
Ecuador,ECU,2017,0.512460172,0.508677729,0.029369748
"Egypt, Arab Rep.",EGY,2017,0.327843607,0.320713584,0.017920163
El Salvador,SLV,2017,0.303529471,0.293357529,0.035496148
Ethiopia,ETH,2017,0.348275699,0.348275699,0.003159289
Gabon,GAB,2017,0.586019984,0.339846588,0.435779884
Georgia,GEO,2017,0.612304463,0.612304463,0.022010216
Ghana,GHA,2017,0.577175264,0.422841658,0.389477818
Guatemala,GTM,2017,0.441070072,0.435352906,0.02126406
Guinea,GIN,2017,0.23486035,0.146278775,0.137804687
Haiti,HTI,2017,0.326211865,0.281889494,0.135171894
Honduras,HND,2017,0.453429696,0.429444273,0.061960126
India,IND,2017,0.798753285,0.798401862,0.019945431
Indonesia,IDN,2017,0.488574509,0.483920589,0.031239157
"Iran, Islamic Rep.",IRN,2017,0.939819167,0.933562762,0.262966091
Iraq,IRQ,2017,0.226651525,0.203255182,0.042147556
Jordan,JOR,2017,0.424930235,0.420827774,0.010609684
Kenya,KEN,2017,0.815675646,0.557179517,0.729316807
Kyrgyz Republic,KGZ,2017,0.399420035,0.382831645,0.031068763
Lesotho,LSO,2017,0.455638157,0.333214801,0.276418432
Liberia,LBR,2017,0.357138397,0.215834358,0.208433919
Madagascar,MDG,2017,0.178678713,0.095696692,0.120553027
Malawi,MWI,2017,0.337139337,0.22991285,0.203028317
Malaysia,MYS,2017,0.853437476,0.851300292,0.108763332
Maldives,MDV,2017,0.795464095,0.794449714,0.233007872
Mali,MLI,2017,0.354166789,0.18153943,0.243976486
Mauritania,MRT,2017,0.208725063,0.190310601,0.04012378
Mauritius,MUS,2017,0.898425267,0.894947191,0.056269371
Mexico,MEX,2017,0.360417667,0.346219739,0.053232777
Mongolia,MNG,2017,0.929711716,0.929711716,0.218971478
Morocco,MAR,2017,0.286444592,0.284105744,0.006392115
Mozambique,MOZ,2017,0.416701038,0.330030018,0.218668208
Myanmar,MMR,2017,0.25992298,0.256092444,0.006904999
Namibia,NAM,2017,0.806334991,0.773441947,0.434294697
Nicaragua,NIC,2017,0.308619915,0.28432834,0.039274168
Niger,NER,2017,0.15523245,0.09516152,0.087172383
Nigeria,NGA,2017,0.396668587,0.394054476,0.056061652
Pakistan,PAK,2017,0.212932449,0.180493842,0.068855579
Panama,PAN,2017,0.464942617,0.4582204,0.035031686
Paraguay,PRY,2017,0.486468607,0.310738919,0.28881767
Peru,PER,2017,0.42603181,0.4219042,0.026341662
Philippines,PHL,2017,0.344984076,0.31797071,0.04521299
Romania,ROU,2017,0.577518052,0.576390744,0.029901696
Rwanda,RWA,2017,0.500197937,0.366573707,0.311146415
Senegal,SEN,2017,0.423440154,0.203567182,0.317980906
Sierra Leone,SLE,2017,0.198087606,0.123869678,0.110186137
Singapore,SGP,2017,0.97931171,0.978122879,0.09548008
South Africa,ZAF,2017,0.692184942,0.674369196,0.190168459
Sri Lanka,LKA,2017,0.736464608,0.735915248,0.024207601
Tanzania,TZA,2017,0.46751564,0.209722324,0.385380307
Thailand,THA,2017,0.815940009,0.809575031,0.082568594
Togo,TGO,2017,0.452893519,0.340679411,0.214573758
Tunisia,TUN,2017,0.369065672,0.36816438,0.020371898
Turkiye,TUR,2017,0.685903081,0.676600284,0.164119521
Uganda,UGA,2017,0.591991512,0.328440546,0.505812429
United Arab Emirates,ARE,2017,0.882103911,0.873908545,0.213317966
"Venezuela, RB",VEN,2017,0.734945071,0.732206532,0.109703829
Viet Nam,VNM,2017,0.30795793,0.300235432,0.034995007
Zambia,ZMB,2017,0.458632575,0.358300358,0.278423918
Zimbabwe,ZWE,2017,0.552851376,0.281799819,0.485816322
Afghanistan,AFG,2021,0.096538218,0.096538218,0
Argentina,ARG,2021,0.716270859,0.663254395,0.350841379
Armenia,ARM,2021,0.553477333,0.522469373,0.167427431
Bangladesh,BGD,2021,0.528060649,0.376861865,0.290057918
Benin,BEN,2021,0.486055301,0.237882556,0.366837175
Bolivia,BOL,2021,0.68885446,0.679649645,0.129542215
Botswana,BWA,2022,0.587631963,0.498797003,0.365681329
Brazil,BRA,2021,0.840357459,0.835631888,0.269601254
Burkina Faso,BFA,2021,0.361085343,0.210526432,0.246651698
Cambodia,KHM,2021,0.333949916,0.325966339,0.065982333
Cameroon,CMR,2021,0.51654813,0.235348523,0.424330278
Chad,TCD,2022,0.236513334,0.183170383,0.120867652
Colombia,COL,2021,0.597159079,0.559431464,0.217662657
Comoros,COM,2022,0.342501735,0.305175093,0.077259066
"Congo, Dem. Rep.",COD,2022,0.274411308,0.096274916,0.226761835
"Congo, Rep.",COG,2021,0.471421558,0.181228885,0.367774409
Cote d'Ivoire,CIV,2021,0.507622911,0.205734957,0.403959431
Dominican Republic,DOM,2021,0.512980113,0.49546077,0.075716879
"Egypt, Arab Rep.",EGY,2021,0.274440057,0.26098911,0.02915438
El Salvador,SLV,2021,0.358453551,0.307094211,0.109182215
Eswatini,SWZ,2022,0.66175801,0.384701269,0.567443942
Ethiopia,ETH,2022,0.464800688,0.460486468,0.046384017
Gabon,GAB,2021,0.660899713,0.275526988,0.574777732
"Gambia, The",GMB,2022,0.330110184,0.313944839,0.03745625
Georgia,GEO,2021,0.704986886,0.704718533,0.082312009
Ghana,GHA,2021,0.682303948,0.391966216,0.596879304
Guatemala,GTM,2022,0.369778819,0.348501939,0.052358035
Guinea,GIN,2021,0.304403355,0.137707459,0.215100208
Honduras,HND,2021,0.378497022,0.338765086,0.088682307
India,IND,2021,0.775291371,0.773020511,0.104396875
Indonesia,IDN,2021,0.517553241,0.505058459,0.092923176
"Iran, Islamic Rep.",IRN,2021,0.899846708,0.896203731,0.123863508
Iraq,IRQ,2021,0.185652818,0.157623938,0.04805505
Jamaica,JAM,2021,0.733003615,0.72670044,0.126601306
Jordan,JOR,2021,0.471196643,0.433539459,0.106597836
Kenya,KEN,2021,0.791951576,0.505732474,0.686586916
Kyrgyz Republic,KGZ,2021,0.45094844,0.409704875,0.114294363
Lao PDR,LAO,2021,0.37320029,0.37320029,0.054799821
Lesotho,LSO,2022,0.636349094,0.443659163,0.458779246
Liberia,LBR,2021,0.516311458,0.285893414,0.362960666
Madagascar,MDG,2022,0.262978246,0.139970191,0.190270988
Malawi,MWI,2021,0.427078089,0.202217056,0.343476874
Malaysia,MYS,2021,0.883748841,0.88165342,0.279788583
Mali,MLI,2021,0.435009858,0.28442909,0.293780615
Mauritania,MRT,2022,0.234559362,0.203959785,0.101619569
Mauritius,MUS,2021,0.905263444,0.899558713,0.158956646
Mexico,MEX,2022,0.489714754,0.462440813,0.181400816
Mongolia,MNG,2021,0.984550191,0.981655966,0.588124931
Morocco,MAR,2021,0.443728342,0.422393377,0.062719723
Mozambique,MOZ,2021,0.494927479,0.386349227,0.29376595
Myanmar,MMR,2021,0.477910291,0.361433583,0.290307042
Namibia,NAM,2021,0.713463883,0.655741645,0.426246853
Nepal,NPL,2021,0.540026923,0.528020712,0.060919077
Nicaragua,NIC,2021,0.260328025,0.231914224,0.065580785
Niger,NER,2022,0.116855913,0.085496778,0.053773763
Nigeria,NGA,2021,0.453166327,0.451398256,0.086502092
Pakistan,PAK,2021,0.209806311,0.162881986,0.085374063
Paraguay,PRY,2021,0.544199771,0.270838267,0.377008071
Peru,PER,2021,0.574978561,0.562603056,0.143447853
Philippines,PHL,2021,0.513717639,0.459843281,0.217389093
Russian Federation,RUS,2021,0.897193266,0.88708071,0.329383356
Senegal,SEN,2021,0.559644071,0.281348261,0.448898718
Sierra Leone,SLE,2021,0.288466045,0.137777879,0.190402143
Singapore,SGP,2021,0.975498512,0.97189493,0.306042672
South Africa,ZAF,2021,0.85378112,0.841121969,0.365653075
South Sudan,SSD,2021,0.058314075,0.05482994,0.00849857
Sri Lanka,LKA,2021,0.892707132,0.889256158,0.031264218
Tajikistan,TJK,2021,0.394881618,0.389031633,0.020897526
Tanzania,TZA,2021,0.524333347,0.233210156,0.44579487
Thailand,THA,2021,0.955769973,0.941462112,0.59999888
Togo,TGO,2021,0.496056349,0.249001487,0.364808073
Tunisia,TUN,2021,0.368532365,0.357118626,0.037122092
Turkiye,TUR,2021,0.740916613,0.733663266,0.182842014
Uganda,UGA,2021,0.659140111,0.365607928,0.537962366
United Arab Emirates,ARE,2021,0.85742193,0.84560726,0.132578892
"Venezuela, RB",VEN,2021,0.843948009,0.840336735,0.303109094
Viet Nam,VNM,2022,0.562657536,0.560644954,0.164659469
West Bank and Gaza,PSE,2021,0.336425509,0.331804059,0.023281278
Zambia,ZMB,2021,0.485218873,0.238444619,0.41631284
Zimbabwe,ZWE,2021,0.597459293,0.292496947,0.506324444
Botswana,BWA,2014,0.552344995,0.526607091,0.220627524
Botswana,BWA,2014,0.487371206,0.458708512,0.194573304
Cambodia,KHM,2014,0.242890406,0.149430781,0.139193326
Cambodia,KHM,2014,0.204976335,0.106824987,0.128039662
Cote d'Ivoire,CIV,2014,0.3920249,0.181196162,0.282634974
Cote d'Ivoire,CIV,2014,0.291605831,0.119811407,0.200288506
Ghana,GHA,2014,0.416712364,0.352722441,0.142126782
Ghana,GHA,2014,0.393773071,0.33985241,0.118386678
Kenya,KEN,2014,0.786579036,0.58916422,0.623527832
Kenya,KEN,2014,0.711344796,0.51936911,0.549044438
Mali,MLI,2014,0.256376898,0.160681239,0.143830444
Mali,MLI,2014,0.146888661,0.105269863,0.089878391
Namibia,NAM,2014,0.6112337,0.603225043,0.125339859
Namibia,NAM,2014,0.567664063,0.560230335,0.083950736
Rwanda,RWA,2014,0.490436314,0.45928263,0.201063627
Rwanda,RWA,2014,0.35321945,0.305095571,0.161272142
South Africa,ZAF,2014,0.702676028,0.687695588,0.150296174
South Africa,ZAF,2014,0.703621796,0.687651486,0.138886155
Tanzania,TZA,2014,0.454474805,0.210667207,0.383763571
Tanzania,TZA,2014,0.34334138,0.170953116,0.265774416
Uganda,UGA,2014,0.523556579,0.324835468,0.412346692
Uganda,UGA,2014,0.366332838,0.231395434,0.290394904
United Arab Emirates,ARE,2014,0.899819823,0.89760502,0.121966558
United Arab Emirates,ARE,2014,0.676806201,0.663240616,0.096740983
Zambia,ZMB,2014,0.381350851,0.329437688,0.148536151
Zambia,ZMB,2014,0.332477692,0.297028107,0.094774249
Zimbabwe,ZWE,2014,0.359539033,0.191269174,0.242077383
Zimbabwe,ZWE,2014,0.289797183,0.153363772,0.190969791
Bangladesh,BGD,2017,0.64586155,0.502418236,0.324719047
Bangladesh,BGD,2017,0.358363454,0.319130126,0.10273787
Benin,BEN,2017,0.486232072,0.410673755,0.246091235
Benin,BEN,2017,0.285858877,0.229106578,0.117268411
Botswana,BWA,2017,0.56210248,0.494085332,0.291026011
Botswana,BWA,2017,0.467885174,0.410741656,0.205060827
Burkina Faso,BFA,2017,0.51280953,0.263018988,0.418080486
Burkina Faso,BFA,2017,0.344989351,0.201822052,0.236532724
Cameroon,CMR,2017,0.39244455,0.311152142,0.170096559
Cameroon,CMR,2017,0.300303702,0.227034505,0.133035088
Chile,CHL,2017,0.777538707,0.773949374,0.214932626
Chile,CHL,2017,0.712737912,0.706224989,0.16121255
"Congo, Dem. Rep.",COD,2017,0.273890965,0.155822075,0.186024071
"Congo, Dem. Rep.",COD,2017,0.242188233,0.143918787,0.13520658
Cote d'Ivoire,CIV,2017,0.465971047,0.193169235,0.378876735
Cote d'Ivoire,CIV,2017,0.355649787,0.097843843,0.298547288
Gabon,GAB,2017,0.638023464,0.383640987,0.462588735
Gabon,GAB,2017,0.537041267,0.298599474,0.41053036
Ghana,GHA,2017,0.617916792,0.462903714,0.442139267
Ghana,GHA,2017,0.537234204,0.383566721,0.337851034
Guinea,GIN,2017,0.272642091,0.157583505,0.17628718
Guinea,GIN,2017,0.196709747,0.134863677,0.098946492
Haiti,HTI,2017,0.353547214,0.293041055,0.158697161
Haiti,HTI,2017,0.300456131,0.271382343,0.11300607
"Iran, Islamic Rep.",IRN,2017,0.964517638,0.954692636,0.307472163
"Iran, Islamic Rep.",IRN,2017,0.916112579,0.913281457,0.220247368
Kenya,KEN,2017,0.858360953,0.654957921,0.768989866
Kenya,KEN,2017,0.777463652,0.469648044,0.693801386
Lesotho,LSO,2017,0.446041833,0.336576848,0.242706826
Lesotho,LSO,2017,0.464600602,0.330074832,0.307903238
Liberia,LBR,2017,0.436553981,0.294253395,0.234758832
Liberia,LBR,2017,0.281620038,0.141263643,0.18340087
Malawi,MWI,2017,0.379421113,0.287900215,0.22830072
Malawi,MWI,2017,0.298454896,0.176859051,0.17990609
Malaysia,MYS,2017,0.879162882,0.87860812,0.12792343
Malaysia,MYS,2017,0.824785367,0.820885732,0.087423447
Maldives,MDV,2017,0.854688375,0.85255418,0.278511206
Maldives,MDV,2017,0.741815888,0.741815888,0.191788761
Mali,MLI,2017,0.454575969,0.267679737,0.291173879
Mali,MLI,2017,0.257119213,0.098283017,0.198359216
Mongolia,MNG,2017,0.908124422,0.908124422,0.226514557
Mongolia,MNG,2017,0.949537949,0.949537949,0.212043752
Mozambique,MOZ,2017,0.510665536,0.401544023,0.269577836
Mozambique,MOZ,2017,0.328739478,0.263084697,0.171010949
Namibia,NAM,2017,0.805999484,0.770328354,0.450160644
Namibia,NAM,2017,0.806626754,0.77614959,0.420497347
Paraguay,PRY,2017,0.512244106,0.329226583,0.309488006
Paraguay,PRY,2017,0.460494493,0.292108797,0.267988058
Rwanda,RWA,2017,0.557454647,0.405562169,0.368865748
Rwanda,RWA,2017,0.449605015,0.332122895,0.260144713
Senegal,SEN,2017,0.46724959,0.255529591,0.348856946
Senegal,SEN,2017,0.384496103,0.157375612,0.290533897
Sierra Leone,SLE,2017,0.247719049,0.152713148,0.135757682
Sierra Leone,SLE,2017,0.153589748,0.098009606,0.087259563
South Africa,ZAF,2017,0.683953271,0.666986131,0.194188366
South Africa,ZAF,2017,0.6998981,0.681287202,0.186401766
Tanzania,TZA,2017,0.51553571,0.23054632,0.441140603
Tanzania,TZA,2017,0.42152221,0.189777184,0.331973319
Togo,TGO,2017,0.530494017,0.395595401,0.269747715
Togo,TGO,2017,0.375931544,0.286215287,0.15985379
Turkiye,TUR,2017,0.829945648,0.822715499,0.185378245
Turkiye,TUR,2017,0.542938244,0.531578308,0.143019856
Uganda,UGA,2017,0.660769959,0.389122178,0.586420842
Uganda,UGA,2017,0.527064122,0.271156613,0.429717459
United Arab Emirates,ARE,2017,0.926721594,0.922393992,0.22518691
United Arab Emirates,ARE,2017,0.764167186,0.745748262,0.181945103
"Venezuela, RB",VEN,2017,0.773059434,0.767301141,0.140626791
"Venezuela, RB",VEN,2017,0.700380102,0.700380102,0.081660562
Zambia,ZMB,2017,0.516809247,0.433942179,0.299460591
Zambia,ZMB,2017,0.402788779,0.285691763,0.258230812
Zimbabwe,ZWE,2017,0.592274998,0.334506396,0.511731725
Zimbabwe,ZWE,2017,0.51664926,0.233400166,0.462018599
Argentina,ARG,2021,0.695619457,0.658853273,0.369361219
Argentina,ARG,2021,0.737532007,0.667785464,0.331774729
Armenia,ARM,2021,0.593752986,0.562163781,0.181430467
Armenia,ARM,2021,0.521827202,0.491276006,0.156423316
Bangladesh,BGD,2021,0.628624572,0.453342278,0.383929268
Bangladesh,BGD,2021,0.434566925,0.305758448,0.202786241
Benin,BEN,2021,0.581742451,0.30613293,0.443281869
Benin,BEN,2021,0.397870226,0.174983155,0.296385905
Bolivia,BOL,2021,0.740406786,0.729068711,0.160642492
Bolivia,BOL,2021,0.63289646,0.626007214,0.095784099
Botswana,BWA,2022,0.642897657,0.556376271,0.418373702
Botswana,BWA,2022,0.538606829,0.447719541,0.318938937
Brazil,BRA,2021,0.870474204,0.864401769,0.302943215
Brazil,BRA,2021,0.808668081,0.805359705,0.234518247
Burkina Faso,BFA,2021,0.423501439,0.256993092,0.310600329
Burkina Faso,BFA,2021,0.306802229,0.1701145,0.191035742
Cameroon,CMR,2021,0.541474459,0.2690017,0.462621997
Cameroon,CMR,2021,0.492549796,0.202948237,0.387464139
Chad,TCD,2022,0.248595312,0.19463032,0.118964489
Chad,TCD,2022,0.225617475,0.172835498,0.122583976
Colombia,COL,2021,0.635124352,0.60513652,0.216564103
Colombia,COL,2021,0.562042923,0.517156361,0.218678768
"Congo, Rep.",COG,2021,0.506094293,0.197670325,0.411582475
"Congo, Rep.",COG,2021,0.437919494,0.165342566,0.325445456
Cote d'Ivoire,CIV,2021,0.640095413,0.272896428,0.508939172
Cote d'Ivoire,CIV,2021,0.374442613,0.138214644,0.298418787
El Salvador,SLV,2021,0.447976506,0.409147216,0.120277009
El Salvador,SLV,2021,0.292329768,0.231715435,0.100987335
Eswatini,SWZ,2022,0.623617224,0.423720298,0.521527427
Eswatini,SWZ,2022,0.692155816,0.353603512,0.604038923
Gabon,GAB,2021,0.714725579,0.354648376,0.607466822
Gabon,GAB,2021,0.612955059,0.205050695,0.545660372
Ghana,GHA,2021,0.741799682,0.472949882,0.646228627
Ghana,GHA,2021,0.625809383,0.315067645,0.550019331
Guinea,GIN,2021,0.369123917,0.16754276,0.262698628
Guinea,GIN,2021,0.240050046,0.108041457,0.167771882
India,IND,2021,0.775072324,0.771491388,0.15407206
India,IND,2021,0.775526127,0.774659303,0.051158959
"Iran, Islamic Rep.",IRN,2021,0.948362972,0.948362972,0.165481319
"Iran, Islamic Rep.",IRN,2021,0.850800161,0.843474389,0.081790813
Jamaica,JAM,2021,0.751055911,0.738239949,0.126623875
Jamaica,JAM,2021,0.715532327,0.715532327,0.126579464
Jordan,JOR,2021,0.586009096,0.53380465,0.15122353
Jordan,JOR,2021,0.340620292,0.319507726,0.055844975
Kenya,KEN,2021,0.832449956,0.566988435,0.714192115
Kenya,KEN,2021,0.753574332,0.447684844,0.660427561
Kyrgyz Republic,KGZ,2021,0.465361892,0.42668602,0.10830304
Kyrgyz Republic,KGZ,2021,0.437560736,0.393932211,0.119859307
Lesotho,LSO,2022,0.650539199,0.468374872,0.473966477
Lesotho,LSO,2022,0.623680269,0.421593153,0.445220192
Liberia,LBR,2021,0.593442079,0.383085378,0.403117825
Liberia,LBR,2021,0.441999602,0.192253365,0.324271064
Madagascar,MDG,2022,0.274968948,0.159319588,0.200700413
Madagascar,MDG,2022,0.252062816,0.12235596,0.180776826
Malawi,MWI,2021,0.47749911,0.239107109,0.388293838
Malawi,MWI,2021,0.381372667,0.168777126,0.302851393
Malaysia,MYS,2021,0.892317012,0.888134487,0.269605928
Malaysia,MYS,2021,0.875146527,0.875146527,0.290011815
Mali,MLI,2021,0.45927838,0.286048343,0.325900939
Mali,MLI,2021,0.412116644,0.2829016,0.263480562
Mauritania,MRT,2022,0.316008515,0.284323251,0.136446061
Mauritania,MRT,2022,0.160946623,0.131328276,0.070143816
Mauritius,MUS,2021,0.91739716,0.906897874,0.147041349
Mauritius,MUS,2021,0.894044602,0.89277292,0.169973538
Mexico,MEX,2022,0.562709551,0.540508782,0.204208145
Mexico,MEX,2022,0.42303727,0.391129213,0.160567341
Mongolia,MNG,2021,0.978887353,0.972798053,0.573830355
Mongolia,MNG,2021,0.989679817,0.989679817,0.60107353
Mozambique,MOZ,2021,0.609973689,0.470026663,0.377877785
Mozambique,MOZ,2021,0.386894724,0.307772941,0.214781747
Myanmar,MMR,2021,0.495221411,0.375075877,0.306845703
Myanmar,MMR,2021,0.461505018,0.348505157,0.274633808
Namibia,NAM,2021,0.736681623,0.691757408,0.444438187
Namibia,NAM,2021,0.693141073,0.624216549,0.410323726
Paraguay,PRY,2021,0.534881765,0.247077306,0.374666723
Paraguay,PRY,2021,0.553486349,0.294519086,0.379341522
Peru,PER,2021,0.623240756,0.615193634,0.20196321
Peru,PER,2021,0.530286765,0.513903087,0.089261416
Philippines,PHL,2021,0.555939212,0.51400687,0.24758897
Philippines,PHL,2021,0.474188135,0.409133191,0.189114776
Russian Federation,RUS,2021,0.892579846,0.879667099,0.342964429
Russian Federation,RUS,2021,0.901117314,0.893386524,0.31783167
Senegal,SEN,2021,0.623053673,0.32456693,0.522381289
Senegal,SEN,2021,0.502954308,0.242709694,0.383203469
Sierra Leone,SLE,2021,0.333487822,0.173967878,0.215392935
Sierra Leone,SLE,2021,0.24757576,0.104908911,0.16770467
Singapore,SGP,2021,0.98269592,0.975253679,0.34371692
Singapore,SGP,2021,0.968741867,0.968741867,0.270675558
South Africa,ZAF,2021,0.845623929,0.83308094,0.34101094
South Africa,ZAF,2021,0.861807917,0.849034461,0.389901303
Tanzania,TZA,2021,0.593651895,0.315162204,0.492212655
Tanzania,TZA,2021,0.460288816,0.157493329,0.402908725
Thailand,THA,2021,0.986060258,0.963114507,0.635719769
Thailand,THA,2021,0.927033954,0.920920753,0.566110914
Togo,TGO,2021,0.552160197,0.285425043,0.412980097
Togo,TGO,2021,0.442989015,0.214549286,0.319243268
Turkiye,TUR,2021,0.853436791,0.847198817,0.23036115
Turkiye,TUR,2021,0.62545165,0.617156358,0.134079246
Uganda,UGA,2021,0.668822379,0.379559242,0.545263832
Uganda,UGA,2021,0.650628897,0.353344003,0.531544001
United Arab Emirates,ARE,2021,0.853945542,0.840810311,0.149581476
United Arab Emirates,ARE,2021,0.866829486,0.858588424,0.086567699
"Venezuela, RB",VEN,2021,0.890619067,0.884746832,0.38229596
"Venezuela, RB",VEN,2021,0.796660056,0.795339629,0.22287554
Viet Nam,VNM,2022,0.599552975,0.598775721,0.182904976
Viet Nam,VNM,2022,0.52780837,0.524628973,0.147425883
Zambia,ZMB,2021,0.52484979,0.265904409,0.442645331
Zambia,ZMB,2021,0.449844337,0.213934024,0.392808472
Zimbabwe,ZWE,2021,0.658617142,0.349182503,0.55648764
Zimbabwe,ZWE,2021,0.539752702,0.239010269,0.458992056
Botswana,BWA,2014,0.651664688,0.621489382,0.29670809
Botswana,BWA,2014,0.319688748,0.296970375,0.072423082
Cambodia,KHM,2014,0.260470032,0.15458711,0.15976172
Cambodia,KHM,2014,0.163069167,0.081764453,0.092474365
Cote d'Ivoire,CIV,2014,0.410756677,0.210706836,0.276345057
Cote d'Ivoire,CIV,2014,0.241759495,0.062209009,0.191938885
Ghana,GHA,2014,0.451520331,0.389465035,0.14973283
Ghana,GHA,2014,0.335196061,0.281105067,0.100493275
Kenya,KEN,2014,0.822842976,0.67709507,0.627395658
Kenya,KEN,2014,0.631689037,0.363688715,0.518441741
Mali,MLI,2014,0.232067178,0.1693121,0.116836573
Mali,MLI,2014,0.153577477,0.077105249,0.115803574
Namibia,NAM,2014,0.708661368,0.695841139,0.150925494
Namibia,NAM,2014,0.407007754,0.407007754,0.032255649
Rwanda,RWA,2014,0.587775915,0.546560054,0.256414809
Rwanda,RWA,2014,0.170873462,0.133400084,0.067645374
South Africa,ZAF,2014,0.796051526,0.779281018,0.181340114
South Africa,ZAF,2014,0.563528868,0.549933606,0.088562569
Tanzania,TZA,2014,0.497811193,0.248304611,0.418837034
Tanzania,TZA,2014,0.247676973,0.103519937,0.180623202
Uganda,UGA,2014,0.548465424,0.360438585,0.442538455
Uganda,UGA,2014,0.288055039,0.153589602,0.213327094
United Arab Emirates,ARE,2014,0.880168624,0.874472301,0.146510124
United Arab Emirates,ARE,2014,0.776929587,0.771973014,0.070171005
Zambia,ZMB,2014,0.456870057,0.408164995,0.165314207
Zambia,ZMB,2014,0.205722723,0.169973803,0.054845034
Zimbabwe,ZWE,2014,0.430846697,0.236758566,0.293265342
Zimbabwe,ZWE,2014,0.16303132,0.074338749,0.099679284
Bangladesh,BGD,2017,0.566799304,0.461212627,0.256871435
Bangladesh,BGD,2017,0.400787327,0.332352477,0.145716919
Benin,BEN,2017,0.429043296,0.352722578,0.211457691
Benin,BEN,2017,0.318528897,0.267924111,0.135064913
Botswana,BWA,2017,0.618897765,0.547833212,0.32269736
Botswana,BWA,2017,0.346667331,0.298226803,0.124832132
Burkina Faso,BFA,2017,0.540937166,0.315670423,0.409513922
Burkina Faso,BFA,2017,0.267418073,0.109875134,0.211171464
Cameroon,CMR,2017,0.409817361,0.311662045,0.204358405
Cameroon,CMR,2017,0.249801251,0.204013063,0.071707128
Chile,CHL,2017,0.79311156,0.785531663,0.235654527
Chile,CHL,2017,0.668719885,0.667293279,0.112949391
"Congo, Dem. Rep.",COD,2017,0.31421149,0.197169134,0.190385281
"Congo, Dem. Rep.",COD,2017,0.173902759,0.078770205,0.116608761
Cote d'Ivoire,CIV,2017,0.460730899,0.175233769,0.386618113
Cote d'Ivoire,CIV,2017,0.341676872,0.106023217,0.270915601
Gabon,GAB,2017,0.644497121,0.386656185,0.481277924
Gabon,GAB,2017,0.498290375,0.269621065,0.367522007
Ghana,GHA,2017,0.639443485,0.482651435,0.435465286
Ghana,GHA,2017,0.483440601,0.332807783,0.320251176
Guinea,GIN,2017,0.258706712,0.173801333,0.148593496
Guinea,GIN,2017,0.199027727,0.104922133,0.121592934
Haiti,HTI,2017,0.424419711,0.371188769,0.181866884
Haiti,HTI,2017,0.178797675,0.147847451,0.06508071
"Iran, Islamic Rep.",IRN,2017,0.944698347,0.940282593,0.302284666
"Iran, Islamic Rep.",IRN,2017,0.932458435,0.923425223,0.203650079
Kenya,KEN,2017,0.889394904,0.679310065,0.819306255
Kenya,KEN,2017,0.704534812,0.373052718,0.593646664
Lesotho,LSO,2017,0.543294293,0.400827823,0.356306492
Lesotho,LSO,2017,0.323939866,0.231630132,0.156391226
Liberia,LBR,2017,0.4177937,0.273775779,0.236204343
Liberia,LBR,2017,0.266030025,0.128802421,0.166720862
Malawi,MWI,2017,0.420109178,0.286037844,0.26875519
Malawi,MWI,2017,0.212052814,0.145298002,0.103937537
Malaysia,MYS,2017,0.885408304,0.884009459,0.116287559
Malaysia,MYS,2017,0.805045468,0.801790712,0.097374436
Maldives,MDV,2017,0.849705952,0.848015522,0.281064448
Maldives,MDV,2017,0.714076644,0.714076644,0.160901157
Mali,MLI,2017,0.381653282,0.201488325,0.265352359
Mali,MLI,2017,0.312610829,0.151379326,0.211658979
Mongolia,MNG,2017,0.94545619,0.94545619,0.276949334
Mongolia,MNG,2017,0.90594433,0.90594433,0.131449843
Mozambique,MOZ,2017,0.515480989,0.415236031,0.286702102
Mozambique,MOZ,2017,0.268005233,0.201767383,0.116255171
Namibia,NAM,2017,0.874247393,0.833935427,0.529208393
Namibia,NAM,2017,0.704174204,0.682441463,0.2915158
Paraguay,PRY,2017,0.555403113,0.36742727,0.332754301
Paraguay,PRY,2017,0.382959523,0.225618134,0.222844319
Rwanda,RWA,2017,0.57596308,0.409522701,0.417012545
Rwanda,RWA,2017,0.386518463,0.302132213,0.152302845
Senegal,SEN,2017,0.475735478,0.240617034,0.351104335
Senegal,SEN,2017,0.344888347,0.147915309,0.268226838
Sierra Leone,SLE,2017,0.243855838,0.150513145,0.139694258
Sierra Leone,SLE,2017,0.129209834,0.083773248,0.065778618
South Africa,ZAF,2017,0.735779464,0.715387076,0.236232788
South Africa,ZAF,2017,0.626352808,0.612428052,0.120606669
Tanzania,TZA,2017,0.530418261,0.260460106,0.43946583
Tanzania,TZA,2017,0.372505179,0.133086088,0.303687519
Togo,TGO,2017,0.523144543,0.403176865,0.248226984
Togo,TGO,2017,0.347435734,0.246860947,0.164054997
Turkiye,TUR,2017,0.766746991,0.760706715,0.193541631
Turkiye,TUR,2017,0.563754096,0.54952188,0.119664957
Uganda,UGA,2017,0.670711371,0.388892076,0.578256773
Uganda,UGA,2017,0.472989683,0.237055188,0.396297376
United Arab Emirates,ARE,2017,0.916795237,0.91057806,0.251504164
United Arab Emirates,ARE,2017,0.829903704,0.818731747,0.155859008
"Venezuela, RB",VEN,2017,0.823289612,0.823289612,0.143997396
"Venezuela, RB",VEN,2017,0.601840357,0.594975784,0.058035265
Zambia,ZMB,2017,0.556023649,0.447917771,0.340572126
Zambia,ZMB,2017,0.312449635,0.223785599,0.185140136
Zimbabwe,ZWE,2017,0.630571803,0.381595002,0.541369718
Zimbabwe,ZWE,2017,0.436011797,0.131774558,0.402301141
Argentina,ARG,2021,0.758196452,0.714390565,0.403894528
Argentina,ARG,2021,0.652348174,0.585288621,0.269952845
Armenia,ARM,2021,0.619282099,0.6009453,0.194905197
Armenia,ARM,2021,0.454501446,0.404434999,0.126098566
Bangladesh,BGD,2021,0.55574733,0.405140443,0.31296325
Bangladesh,BGD,2021,0.48651172,0.334424686,0.255684277
Benin,BEN,2021,0.535391783,0.268749129,0.413399342
Benin,BEN,2021,0.41191727,0.191499294,0.296868111
Bolivia,BOL,2021,0.771521304,0.758548458,0.175094236
Bolivia,BOL,2021,0.562876483,0.559413859,0.0601244
Botswana,BWA,2022,0.661921928,0.570541339,0.449042473
Botswana,BWA,2022,0.475924168,0.390917,0.240333448
Brazil,BRA,2021,0.854033211,0.8488501,0.307715114
Brazil,BRA,2021,0.819784255,0.815746987,0.212264429
Burkina Faso,BFA,2021,0.43149292,0.263740328,0.29390011
Burkina Faso,BFA,2021,0.254991002,0.130340556,0.175454969
Cameroon,CMR,2021,0.634602381,0.296432077,0.521560781
Cameroon,CMR,2021,0.338855918,0.143407133,0.277981433
Chad,TCD,2022,0.236793874,0.18200579,0.13149997
Chad,TCD,2022,0.236091663,0.184920846,0.104886548
Colombia,COL,2021,0.677428201,0.639177076,0.275041252
Colombia,COL,2021,0.476721563,0.439779435,0.131570578
"Congo, Rep.",COG,2021,0.562483733,0.237181867,0.430619111
"Congo, Rep.",COG,2021,0.334793467,0.097278013,0.27348332
Cote d'Ivoire,CIV,2021,0.552585614,0.244072472,0.438033143
Cote d'Ivoire,CIV,2021,0.440101253,0.148162515,0.352790054
El Salvador,SLV,2021,0.443230999,0.384748124,0.140420901
El Salvador,SLV,2021,0.230837472,0.19020124,0.062158404
Eswatini,SWZ,2022,0.694851741,0.457190442,0.593868513
Eswatini,SWZ,2022,0.612097727,0.275924387,0.527791367
Gabon,GAB,2021,0.710252459,0.338066879,0.587756528
Gabon,GAB,2021,0.586120686,0.180766867,0.555112326
Ghana,GHA,2021,0.772024902,0.487857618,0.685272646
Ghana,GHA,2021,0.547194536,0.247564822,0.463769124
Guinea,GIN,2021,0.348859497,0.148741128,0.262825829
Guinea,GIN,2021,0.237648154,0.121139337,0.143435567
India,IND,2021,0.77047704,0.767392135,0.15160378
India,IND,2021,0.782527604,0.781480303,0.033442013
"Iran, Islamic Rep.",IRN,2021,0.917102032,0.911031214,0.146089674
"Iran, Islamic Rep.",IRN,2021,0.873955083,0.873955083,0.090513131
Jamaica,JAM,2021,0.770388434,0.765894733,0.165087097
Jamaica,JAM,2021,0.676887024,0.667867733,0.068832098
Jordan,JOR,2021,0.538513864,0.510775551,0.108407319
Jordan,JOR,2021,0.370123856,0.31757408,0.103881005
Kenya,KEN,2021,0.870200163,0.605522243,0.770743765
Kenya,KEN,2021,0.6744951,0.355941213,0.560261735
Kyrgyz Republic,KGZ,2021,0.457642574,0.410026198,0.142902221
Kyrgyz Republic,KGZ,2021,0.440891178,0.40922212,0.07131394
Lesotho,LSO,2022,0.669614756,0.458718483,0.506008084
Lesotho,LSO,2022,0.586391557,0.421043454,0.387852158
Liberia,LBR,2021,0.579241617,0.313640242,0.427870953
Liberia,LBR,2021,0.421040693,0.243887141,0.264692161
Madagascar,MDG,2022,0.338802529,0.190909231,0.247425301
Madagascar,MDG,2022,0.149386778,0.063659012,0.104648781
Malawi,MWI,2021,0.491164202,0.240199746,0.398958431
Malawi,MWI,2021,0.330939711,0.145237564,0.260246567
Malaysia,MYS,2021,0.919659085,0.916168501,0.376963117
Malaysia,MYS,2021,0.829814604,0.829814604,0.133840416
Mali,MLI,2021,0.474852826,0.292890582,0.331920889
Mali,MLI,2021,0.375125069,0.271711295,0.236455008
Mauritania,MRT,2022,0.238712319,0.197993292,0.117790237
Mauritania,MRT,2022,0.228307099,0.212942323,0.077274677
Mauritius,MUS,2021,0.905099664,0.897178993,0.190967207
Mauritius,MUS,2021,0.905511383,0.903161263,0.110497306
Mexico,MEX,2022,0.602225062,0.58201765,0.239944489
Mexico,MEX,2022,0.320687284,0.282797094,0.093448975
Mongolia,MNG,2021,0.985657244,0.985657244,0.640524627
Mongolia,MNG,2021,0.982881158,0.975623491,0.509125228
Mozambique,MOZ,2021,0.594723932,0.46364362,0.383917888
Mozambique,MOZ,2021,0.344836365,0.27010059,0.158179922
Myanmar,MMR,2021,0.576526712,0.460193397,0.358390802
Myanmar,MMR,2021,0.329858552,0.213166572,0.18809365
Namibia,NAM,2021,0.81306739,0.769655133,0.53633816
Namibia,NAM,2021,0.563812129,0.484589506,0.260837445
Paraguay,PRY,2021,0.5879174,0.313968794,0.405696786
Paraguay,PRY,2021,0.478391116,0.205913383,0.333822615
Peru,PER,2021,0.653974922,0.642608178,0.194515214
Peru,PER,2021,0.45536394,0.44146099,0.066122733
Philippines,PHL,2021,0.627977305,0.562960919,0.286479069
Philippines,PHL,2021,0.339873974,0.302951976,0.112270156
Russian Federation,RUS,2021,0.923204028,0.913867414,0.34696995
Russian Federation,RUS,2021,0.858112011,0.8468336,0.302959441
Senegal,SEN,2021,0.61135487,0.300266182,0.509239795
Senegal,SEN,2021,0.481770203,0.25285882,0.358028082
Sierra Leone,SLE,2021,0.342861359,0.163810963,0.233538339
Sierra Leone,SLE,2021,0.206725919,0.098657826,0.125581155
Singapore,SGP,2021,0.988799056,0.98280013,0.345899092
Singapore,SGP,2021,0.955489016,0.955489016,0.246082198
South Africa,ZAF,2021,0.903879137,0.895645553,0.433520835
South Africa,ZAF,2021,0.77822227,0.758888391,0.26329354
Tanzania,TZA,2021,0.613692188,0.288486619,0.536878298
Tanzania,TZA,2021,0.390159801,0.150211777,0.309031833
Thailand,THA,2021,0.941533914,0.933981049,0.672816828
Thailand,THA,2021,0.976796914,0.95251179,0.492445335
Togo,TGO,2021,0.565835641,0.287294733,0.431580112
Togo,TGO,2021,0.39040294,0.191021361,0.263707969
Turkiye,TUR,2021,0.82526556,0.815871725,0.232598993
Turkiye,TUR,2021,0.613740974,0.609714912,0.107821805
Uganda,UGA,2021,0.75561354,0.419256743,0.645135107
Uganda,UGA,2021,0.513881763,0.28482985,0.376594253
United Arab Emirates,ARE,2021,0.872747568,0.861946984,0.149589996
United Arab Emirates,ARE,2021,0.833963853,0.820596978,0.106540968
"Venezuela, RB",VEN,2021,0.885171338,0.879153622,0.332737342
"Venezuela, RB",VEN,2021,0.782085438,0.782085438,0.258646901
Viet Nam,VNM,2022,0.666331942,0.663780324,0.227877046
Viet Nam,VNM,2022,0.406903784,0.405701013,0.06968545
Zambia,ZMB,2021,0.589065245,0.28924882,0.534470456
Zambia,ZMB,2021,0.329143886,0.162088894,0.238728895
Zimbabwe,ZWE,2021,0.68276073,0.370046232,0.573238434
Zimbabwe,ZWE,2021,0.469225338,0.17591683,0.405732405
Botswana,BWA,2014,0.538269916,0.51373547,0.198760842
Botswana,BWA,2014,0.477309231,0.444017633,0.227415707
Cambodia,KHM,2014,0.205273912,0.125449482,0.112592615
Cambodia,KHM,2014,0.26329008,0.125858457,0.184685995
Cote d'Ivoire,CIV,2014,0.392803574,0.195560176,0.26174613
Cote d'Ivoire,CIV,2014,0.241007407,0.06025206,0.20317365
Ghana,GHA,2014,0.423422177,0.383135195,0.118232237
Ghana,GHA,2014,0.364241959,0.264056225,0.15636589
Kenya,KEN,2014,0.788519524,0.587349514,0.61847253
Kenya,KEN,2014,0.663570016,0.482202726,0.515553909
Mali,MLI,2014,0.222612003,0.157348718,0.120035239
Mali,MLI,2014,0.15706832,0.082917302,0.109204992
Namibia,NAM,2014,0.673533654,0.669389457,0.107726424
Namibia,NAM,2014,0.42122862,0.406534482,0.095479139
Rwanda,RWA,2014,0.50882778,0.479049227,0.210002017
Rwanda,RWA,2014,0.233265498,0.172234385,0.118758992
South Africa,ZAF,2014,0.770393775,0.758765949,0.163688811
South Africa,ZAF,2014,0.53500538,0.509810215,0.095729308
Tanzania,TZA,2014,0.439079248,0.22067825,0.358825889
Tanzania,TZA,2014,0.318718211,0.132440738,0.256090171
Uganda,UGA,2014,0.509221527,0.320089782,0.408700037
Uganda,UGA,2014,0.350350053,0.216410996,0.267135697
United Arab Emirates,ARE,2014,0.884041523,0.882393725,0.120008518
United Arab Emirates,ARE,2014,0.667392515,0.648349354,0.096308508
Zambia,ZMB,2014,0.395770248,0.368654757,0.114631714
Zambia,ZMB,2014,0.28843361,0.216526056,0.132405875
Zimbabwe,ZWE,2014,0.369464549,0.223347811,0.224548714
Zimbabwe,ZWE,2014,0.239638174,0.076768018,0.200067402
Bangladesh,BGD,2017,0.535263718,0.454147252,0.191689541
Bangladesh,BGD,2017,0.409932137,0.294141767,0.266504132
Benin,BEN,2017,0.407994899,0.335855642,0.175448265
Benin,BEN,2017,0.341760169,0.28708704,0.191188254
Botswana,BWA,2017,0.527257562,0.488181282,0.230693884
Botswana,BWA,2017,0.469702185,0.352567401,0.27518396
Burkina Faso,BFA,2017,0.45564783,0.283472782,0.33245855
Burkina Faso,BFA,2017,0.387174947,0.140912898,0.326107345
Cameroon,CMR,2017,0.396618173,0.327240245,0.146414389
Cameroon,CMR,2017,0.247821151,0.155373264,0.160979783
Chile,CHL,2017,0.742837975,0.739345596,0.175962571
Chile,CHL,2017,0.746411695,0.734002148,0.234639759
"Congo, Dem. Rep.",COD,2017,0.26635895,0.166602357,0.164893631
"Congo, Dem. Rep.",COD,2017,0.244776629,0.122249693,0.154424451
Cote d'Ivoire,CIV,2017,0.451340126,0.179797222,0.356017074
Cote d'Ivoire,CIV,2017,0.33582822,0.082203578,0.308982783
Gabon,GAB,2017,0.592071657,0.393508392,0.412921349
Gabon,GAB,2017,0.572273539,0.217953176,0.487703313
Ghana,GHA,2017,0.61894029,0.4810038,0.399768271
Ghana,GHA,2017,0.484647905,0.293987691,0.366680073
Guinea,GIN,2017,0.23322698,0.154422098,0.120050745
Guinea,GIN,2017,0.238042064,0.130416034,0.172388381
Haiti,HTI,2017,0.355182593,0.316581114,0.143357339
Haiti,HTI,2017,0.273337593,0.218574063,0.120232695
"Iran, Islamic Rep.",IRN,2017,0.945898285,0.94034222,0.236371549
"Iran, Islamic Rep.",IRN,2017,0.92279878,0.914581555,0.337425807
Kenya,KEN,2017,0.841128947,0.590544945,0.742974996
Kenya,KEN,2017,0.760208924,0.484471031,0.699553478
Lesotho,LSO,2017,0.480336054,0.363344261,0.286773926
Lesotho,LSO,2017,0.393502708,0.257414519,0.250365878
Liberia,LBR,2017,0.354797952,0.234509473,0.19468124
Liberia,LBR,2017,0.36137348,0.182041353,0.233319673
Malawi,MWI,2017,0.352345758,0.240549285,0.201281201
Malawi,MWI,2017,0.312785653,0.212878178,0.205826391
Malaysia,MYS,2017,0.85817039,0.856462818,0.088711874
Malaysia,MYS,2017,0.84058156,0.837277427,0.163228694
Maldives,MDV,2017,0.841351623,0.839962193,0.252916713
Maldives,MDV,2017,0.671353872,0.671353872,0.179161202
Mali,MLI,2017,0.367281677,0.202855679,0.239827459
Mali,MLI,2017,0.328938601,0.140534858,0.251957677
Mongolia,MNG,2017,0.959744282,0.959744282,0.248779411
Mongolia,MNG,2017,0.842399142,0.842399142,0.132311971
Mozambique,MOZ,2017,0.398059056,0.332955729,0.191821464
Mozambique,MOZ,2017,0.446341989,0.325378105,0.261354816
Namibia,NAM,2017,0.828584373,0.806321722,0.420557797
Namibia,NAM,2017,0.764894911,0.712202472,0.459880046
Paraguay,PRY,2017,0.546005403,0.366121367,0.312632486
Paraguay,PRY,2017,0.332892135,0.167878681,0.227386831
Rwanda,RWA,2017,0.543657973,0.432690325,0.305694257
Rwanda,RWA,2017,0.414591329,0.236338672,0.321885955
Senegal,SEN,2017,0.465296564,0.241493843,0.344992614
Senegal,SEN,2017,0.344454577,0.13199728,0.267008182
Sierra Leone,SLE,2017,0.201640488,0.134104756,0.110301332
Sierra Leone,SLE,2017,0.190533011,0.102106534,0.109941195
South Africa,ZAF,2017,0.716772308,0.699312106,0.198342559
South Africa,ZAF,2017,0.628989823,0.61026025,0.169159166
Tanzania,TZA,2017,0.47313645,0.225810534,0.392395197
Tanzania,TZA,2017,0.456326637,0.177696503,0.371416194
Togo,TGO,2017,0.459606794,0.351624137,0.199071751
Togo,TGO,2017,0.438808552,0.317716535,0.247098158
Turkiye,TUR,2017,0.719402378,0.713069636,0.153836104
Turkiye,TUR,2017,0.559270984,0.538740958,0.202992297
Uganda,UGA,2017,0.606080276,0.355248099,0.504888465
Uganda,UGA,2017,0.571416052,0.289290363,0.507161802
United Arab Emirates,ARE,2017,0.907353321,0.899841675,0.22342981
United Arab Emirates,ARE,2017,0.602096193,0.5863186,0.101180918
"Venezuela, RB",VEN,2017,0.782752922,0.782752922,0.120270526
"Venezuela, RB",VEN,2017,0.569840583,0.557644495,0.073211724
Zambia,ZMB,2017,0.484441665,0.396015387,0.272088235
Zambia,ZMB,2017,0.415426341,0.295162746,0.289030297
Zimbabwe,ZWE,2017,0.587692332,0.32366285,0.513830342
Zimbabwe,ZWE,2017,0.483546823,0.19852717,0.430091697
Argentina,ARG,2021,0.706820806,0.670240226,0.301113158
Argentina,ARG,2021,0.753671465,0.635606476,0.547651453
Armenia,ARM,2021,0.571453335,0.549304751,0.145122612
Armenia,ARM,2021,0.476440386,0.407465179,0.263015714
Bangladesh,BGD,2021,0.545490535,0.391016553,0.301365544
Bangladesh,BGD,2021,0.477993148,0.3362024,0.257576662
Benin,BEN,2021,0.536447927,0.288630211,0.385064851
Benin,BEN,2021,0.401233118,0.152462779,0.336155873
Bolivia,BOL,2021,0.699053025,0.693856699,0.105527798
Bolivia,BOL,2021,0.663624762,0.644503557,0.188950227
Botswana,BWA,2022,0.616383072,0.515723705,0.371652222
Botswana,BWA,2022,0.497241571,0.445581272,0.346909482
Brazil,BRA,2021,0.851499688,0.84662108,0.26190976
Brazil,BRA,2021,0.79917718,0.795017212,0.298028051
Burkina Faso,BFA,2021,0.365589918,0.243092357,0.231060187
Burkina Faso,BFA,2021,0.352273782,0.146823069,0.277150804
Cameroon,CMR,2021,0.533308015,0.270491212,0.422390277
Cameroon,CMR,2021,0.485632239,0.170523043,0.427908874
Chad,TCD,2022,0.264806379,0.212187484,0.139174088
Chad,TCD,2022,0.189175152,0.134620755,0.09023845
Colombia,COL,2021,0.625823082,0.593103223,0.20027619
Colombia,COL,2021,0.500012094,0.445312378,0.276588229
"Congo, Rep.",COG,2021,0.476979716,0.207722434,0.351930649
"Congo, Rep.",COG,2021,0.458190752,0.118162854,0.405489366
Cote d'Ivoire,CIV,2021,0.55879224,0.241751269,0.439843874
Cote d'Ivoire,CIV,2021,0.3998009,0.129842792,0.328345135
El Salvador,SLV,2021,0.371029216,0.321825069,0.104926174
El Salvador,SLV,2021,0.316502082,0.257953182,0.123380044
Eswatini,SWZ,2022,0.737458227,0.429437921,0.64073681
Eswatini,SWZ,2022,0.465979099,0.26900156,0.377891013
Gabon,GAB,2021,0.65060414,0.319690325,0.548819793
Gabon,GAB,2021,0.681322833,0.187921065,0.626269973
Ghana,GHA,2021,0.695160701,0.437722129,0.588756601
Ghana,GHA,2021,0.652242917,0.28498198,0.615871413
Guinea,GIN,2021,0.316263939,0.158775906,0.213878226
Guinea,GIN,2021,0.279744287,0.093904533,0.217640802
India,IND,2021,0.813048884,0.81233172,0.096030387
India,IND,2021,0.675019314,0.668622328,0.126615631
"Iran, Islamic Rep.",IRN,2021,0.917385943,0.914413004,0.101171233
"Iran, Islamic Rep.",IRN,2021,0.846737562,0.841065695,0.192576161
Jamaica,JAM,2021,0.7273564,0.7273564,0.10579218
Jamaica,JAM,2021,0.753614052,0.724306409,0.202547621
Jordan,JOR,2021,0.532068897,0.490182813,0.107424818
Jordan,JOR,2021,0.286884423,0.262031723,0.104093855
Kenya,KEN,2021,0.793409684,0.525950961,0.67824295
Kenya,KEN,2021,0.789132255,0.46663906,0.702720373
Kyrgyz Republic,KGZ,2021,0.491118025,0.464246433,0.087063337
Kyrgyz Republic,KGZ,2021,0.362434644,0.289522396,0.174298006
Lesotho,LSO,2022,0.64336263,0.458061945,0.447560073
Lesotho,LSO,2022,0.617963159,0.40590237,0.48819023
Liberia,LBR,2021,0.503139997,0.268783324,0.356786582
Liberia,LBR,2021,0.539966215,0.316621596,0.374048763
Madagascar,MDG,2022,0.267765723,0.142937454,0.183611326
Madagascar,MDG,2022,0.253975348,0.134390222,0.202794548
Malawi,MWI,2021,0.474602032,0.22950537,0.372040723
Malawi,MWI,2021,0.347924672,0.156767055,0.295902406
Malaysia,MYS,2021,0.925143703,0.925143703,0.286997554
Malaysia,MYS,2021,0.742709398,0.733474516,0.255226375
Mali,MLI,2021,0.446873607,0.284298594,0.30765147
Mali,MLI,2021,0.413040161,0.284670747,0.268094088
Mauritania,MRT,2022,0.267178468,0.23145591,0.122269345
Mauritania,MRT,2022,0.168491086,0.148267834,0.059794539
Mauritius,MUS,2021,0.92325623,0.92325623,0.148322399
Mauritius,MUS,2021,0.836217328,0.808621075,0.199764859
Mexico,MEX,2022,0.48661915,0.476976883,0.153363888
Mexico,MEX,2022,0.500434861,0.412102248,0.278492996
Mongolia,MNG,2021,0.992140395,0.988515411,0.585832802
Mongolia,MNG,2021,0.954488588,0.954488588,0.597203093
Mozambique,MOZ,2021,0.495318539,0.405553318,0.276193097
Mozambique,MOZ,2021,0.494260791,0.353609643,0.323724562
Myanmar,MMR,2021,0.443829652,0.360060002,0.236556431
Myanmar,MMR,2021,0.556807974,0.364613466,0.414741293
Namibia,NAM,2021,0.792066143,0.745941394,0.455014035
Namibia,NAM,2021,0.556114644,0.475176076,0.368659524
Paraguay,PRY,2021,0.574443467,0.303748572,0.387350244
Paraguay,PRY,2021,0.455440802,0.174253354,0.346655938
Peru,PER,2021,0.608503958,0.596193462,0.128974761
Peru,PER,2021,0.466182313,0.453595839,0.190415771
Philippines,PHL,2021,0.557488259,0.505509,0.236316263
Philippines,PHL,2021,0.401691112,0.342966438,0.168946894
Russian Federation,RUS,2021,0.890201999,0.87995399,0.296683621
Russian Federation,RUS,2021,0.934904659,0.925522744,0.505768043
Senegal,SEN,2021,0.601370134,0.312786498,0.466195219
Senegal,SEN,2021,0.478284441,0.220048362,0.415173107
Sierra Leone,SLE,2021,0.309463494,0.161648297,0.199274844
Sierra Leone,SLE,2021,0.249247552,0.093193329,0.173829943
Singapore,SGP,2021,0.980690583,0.978607982,0.307545828
Singapore,SGP,2021,0.943596987,0.93064807,0.296806859
South Africa,ZAF,2021,0.873003779,0.859398158,0.385320497
South Africa,ZAF,2021,0.790614558,0.781065552,0.301025002
Tanzania,TZA,2021,0.537774606,0.230999085,0.458963226
Tanzania,TZA,2021,0.49902486,0.237373373,0.421000228
Thailand,THA,2021,0.952166392,0.936550633,0.578199373
Thailand,THA,2021,0.969984931,0.960836304,0.685990864
Togo,TGO,2021,0.530376714,0.276104255,0.387364275
Togo,TGO,2021,0.42336822,0.191599721,0.317035616
Turkiye,TUR,2021,0.744564232,0.739051942,0.164122661
Turkiye,TUR,2021,0.727424526,0.713731228,0.252082561
Uganda,UGA,2021,0.681297546,0.37335875,0.552368833
Uganda,UGA,2021,0.626527405,0.354199782,0.516758023
United Arab Emirates,ARE,2021,0.871586652,0.857119119,0.138278741
United Arab Emirates,ARE,2021,0.794338574,0.794338574,0.107194305
"Venezuela, RB",VEN,2021,0.914927901,0.913044238,0.301519737
"Venezuela, RB",VEN,2021,0.622448522,0.613446077,0.308068834
Viet Nam,VNM,2022,0.566516021,0.564510369,0.13785337
Viet Nam,VNM,2022,0.545634971,0.543591814,0.282920553
Zambia,ZMB,2021,0.507426627,0.259888914,0.439351194
Zambia,ZMB,2021,0.44506118,0.199667468,0.374653194
Zimbabwe,ZWE,2021,0.646846193,0.331548404,0.549383914
Zimbabwe,ZWE,2021,0.495798605,0.212111297,0.417688484
Botswana,BWA,2014,0.391938431,0.370548707,0.137790186
Botswana,BWA,2014,0.638631796,0.605999259,0.272478751
Cambodia,KHM,2014,0.189971287,0.110240031,0.096242813
Cambodia,KHM,2014,0.234065873,0.131569461,0.147326205
Cote d'Ivoire,CIV,2014,0.296119594,0.09310114,0.229278602
Cote d'Ivoire,CIV,2014,0.376327239,0.192314478,0.251987045
Ghana,GHA,2014,0.38094493,0.305842247,0.137954213
Ghana,GHA,2014,0.421371114,0.373475992,0.124728558
Kenya,KEN,2014,0.632418798,0.433570054,0.455682438
Kenya,KEN,2014,0.782377792,0.589211405,0.624142538
Mali,MLI,2014,0.091480916,0.066205999,0.046418715
Mali,MLI,2014,0.304518351,0.195510749,0.182893193
Namibia,NAM,2014,0.522214024,0.511450224,0.08099614
Namibia,NAM,2014,0.664146612,0.659944992,0.129494298
Rwanda,RWA,2014,0.217837584,0.147671734,0.11477179
Rwanda,RWA,2014,0.508214508,0.481527889,0.209318962
South Africa,ZAF,2014,0.587777218,0.56987269,0.098277055
South Africa,ZAF,2014,0.859992208,0.847754587,0.206799331
Tanzania,TZA,2014,0.272100756,0.137588698,0.188015624
Tanzania,TZA,2014,0.447574246,0.211332414,0.377278264
Uganda,UGA,2014,0.312436863,0.157089977,0.269110591
Uganda,UGA,2014,0.498825735,0.327540555,0.384716429
United Arab Emirates,ARE,2014,0.508535895,0.488388295,0.070469663
United Arab Emirates,ARE,2014,0.935983891,0.935015711,0.128225914
Zambia,ZMB,2014,0.279859699,0.232101617,0.097381162
Zambia,ZMB,2014,0.416895501,0.376712215,0.139896821
Zimbabwe,ZWE,2014,0.242724208,0.120683173,0.164666195
Zimbabwe,ZWE,2014,0.420988194,0.233155795,0.277308514
Bangladesh,BGD,2017,0.397313491,0.323897057,0.147373308
Bangladesh,BGD,2017,0.637205894,0.523496691,0.298733954
Benin,BEN,2017,0.248163206,0.199120166,0.109241252
Benin,BEN,2017,0.459851878,0.384482601,0.220245267
Botswana,BWA,2017,0.399639767,0.351930626,0.150095759
Botswana,BWA,2017,0.671666142,0.588732948,0.380348082
Burkina Faso,BFA,2017,0.31831781,0.156931612,0.248988743
Burkina Faso,BFA,2017,0.520067093,0.293127041,0.393671416
Cameroon,CMR,2017,0.230312434,0.17091291,0.105070319
Cameroon,CMR,2017,0.412769664,0.3252102,0.178163368
Chile,CHL,2017,0.617980931,0.607619025,0.081530118
Chile,CHL,2017,0.841995897,0.84098022,0.269253578
"Congo, Dem. Rep.",COD,2017,0.197900492,0.107932662,0.117130434
"Congo, Dem. Rep.",COD,2017,0.303103197,0.181173521,0.193532573
Cote d'Ivoire,CIV,2017,0.31951306,0.098805814,0.26863116
Cote d'Ivoire,CIV,2017,0.481954421,0.183424224,0.393152097
Gabon,GAB,2017,0.516818066,0.304388513,0.358822694
Gabon,GAB,2017,0.646365762,0.370766904,0.502888451
Ghana,GHA,2017,0.484685847,0.32332332,0.322881167
Ghana,GHA,2017,0.651236767,0.502531615,0.44280552
Guinea,GIN,2017,0.175819518,0.104632329,0.102095026
Guinea,GIN,2017,0.271526849,0.172142729,0.159981683
Haiti,HTI,2017,0.257814489,0.215815743,0.086170726
Haiti,HTI,2017,0.458707364,0.4098838,0.230094164
"Iran, Islamic Rep.",IRN,2017,0.919476966,0.910644149,0.210071925
"Iran, Islamic Rep.",IRN,2017,0.97819108,0.976794614,0.362741446
Kenya,KEN,2017,0.635270117,0.339805359,0.576711179
Kenya,KEN,2017,0.875451358,0.629204444,0.779881278
Lesotho,LSO,2017,0.387843681,0.264843422,0.216973412
Lesotho,LSO,2017,0.596649732,0.475426326,0.400063253
Liberia,LBR,2017,0.305711533,0.150777286,0.19491753
Liberia,LBR,2017,0.375395646,0.23893052,0.213232424
Malawi,MWI,2017,0.216444021,0.126824853,0.138602354
Malawi,MWI,2017,0.396336632,0.280474303,0.234627245
Malaysia,MYS,2017,0.774238668,0.771555217,0.047996508
Malaysia,MYS,2017,0.892680232,0.890813721,0.138873099
Maldives,MDV,2017,0.661853828,0.661853828,0.086663429
Maldives,MDV,2017,0.899193793,0.897391886,0.346623878
Mali,MLI,2017,0.260100384,0.110757336,0.188238893
Mali,MLI,2017,0.407531248,0.221694553,0.27559677
Mongolia,MNG,2017,0.891987688,0.891987688,0.113633837
Mongolia,MNG,2017,0.958783644,0.958783644,0.300149667
Mozambique,MOZ,2017,0.330463775,0.24318687,0.158223569
Mozambique,MOZ,2017,0.479041936,0.39280891,0.262363623
Namibia,NAM,2017,0.744032227,0.696123756,0.364194744
Namibia,NAM,2017,0.84928094,0.826738187,0.482615329
Paraguay,PRY,2017,0.419240643,0.315725698,0.186255854
Paraguay,PRY,2017,0.524479153,0.307919405,0.346805901
Rwanda,RWA,2017,0.424723049,0.274170175,0.273695485
Rwanda,RWA,2017,0.512836995,0.382047643,0.317417965
Senegal,SEN,2017,0.313346251,0.109731546,0.238713818
Senegal,SEN,2017,0.542311168,0.304883757,0.403567473
Sierra Leone,SLE,2017,0.199392899,0.110901821,0.128344302
Sierra Leone,SLE,2017,0.197219348,0.132495678,0.098107631
South Africa,ZAF,2017,0.60976141,0.593476022,0.112345062
South Africa,ZAF,2017,0.795754679,0.776015953,0.287957872
Tanzania,TZA,2017,0.332613242,0.127825676,0.260849512
Tanzania,TZA,2017,0.551751984,0.260860586,0.463140369
Togo,TGO,2017,0.361697724,0.278909177,0.155732839
Togo,TGO,2017,0.506120579,0.376732037,0.248916669
Turkiye,TUR,2017,0.449213094,0.437972122,0.057776671
Turkiye,TUR,2017,0.907126079,0.899634805,0.263513183
Uganda,UGA,2017,0.454286465,0.264897495,0.36323051
Uganda,UGA,2017,0.649295987,0.354883304,0.565146362
United Arab Emirates,ARE,2017,0.556150209,0.534169068,0.09213354
United Arab Emirates,ARE,2017,0.948826416,0.943452989,0.238124337
"Venezuela, RB",VEN,2017,0.579833863,0.579833863,0.02094669
"Venezuela, RB",VEN,2017,0.806988231,0.802977746,0.150928089
Zambia,ZMB,2017,0.38951861,0.292493611,0.221471824
Zambia,ZMB,2017,0.518002956,0.414829767,0.32734699
Zimbabwe,ZWE,2017,0.498629567,0.225602765,0.42893256
Zimbabwe,ZWE,2017,0.592608109,0.323004848,0.527524862
Argentina,ARG,2021,0.681439419,0.638259966,0.225283869
Argentina,ARG,2021,0.736736371,0.677940086,0.42461377
Armenia,ARM,2021,0.404823459,0.368445215,0.095681368
Armenia,ARM,2021,0.672419701,0.645708665,0.224833581
Bangladesh,BGD,2021,0.467704521,0.337228299,0.220146801
Bangladesh,BGD,2021,0.617982815,0.435910321,0.394215678
Benin,BEN,2021,0.365480729,0.151817173,0.261717302
Benin,BEN,2021,0.545109272,0.280034914,0.418321876
Bolivia,BOL,2021,0.67049785,0.666103318,0.072474604
Bolivia,BOL,2021,0.695770207,0.684753146,0.151042108
Botswana,BWA,2022,0.483384017,0.402043523,0.284088662
Botswana,BWA,2022,0.734528252,0.635132802,0.480653952
Brazil,BRA,2021,0.778640196,0.776307663,0.137233667
Brazil,BRA,2021,0.878150757,0.871959781,0.350658116
Burkina Faso,BFA,2021,0.301454645,0.195839214,0.20348473
Burkina Faso,BFA,2021,0.380493611,0.215306745,0.260701442
Cameroon,CMR,2021,0.391750902,0.138375604,0.320875864
Cameroon,CMR,2021,0.590015957,0.292436246,0.485233641
Chad,TCD,2022,0.116486389,0.104977267,0.033028666
Chad,TCD,2022,0.296036637,0.221947614,0.164428425
Colombia,COL,2021,0.469774202,0.423316401,0.153768777
Colombia,COL,2021,0.672663111,0.640110085,0.255534071
"Congo, Rep.",COG,2021,0.429696813,0.139640139,0.322500736
"Congo, Rep.",COG,2021,0.511485868,0.22116261,0.411246418
Cote d'Ivoire,CIV,2021,0.381401757,0.162386083,0.290981064
Cote d'Ivoire,CIV,2021,0.563612163,0.224963675,0.45407444
El Salvador,SLV,2021,0.226613084,0.190486274,0.070604335
El Salvador,SLV,2021,0.464256445,0.400672894,0.140141232
Eswatini,SWZ,2022,0.563860432,0.270483103,0.455210618
Eswatini,SWZ,2022,0.768914695,0.509722136,0.690292242
Gabon,GAB,2021,0.579606772,0.157348782,0.528616148
Gabon,GAB,2021,0.729612985,0.375417719,0.613796045
Ghana,GHA,2021,0.546809191,0.212700198,0.50455734
Ghana,GHA,2021,0.737102362,0.46446713,0.63421726
Guinea,GIN,2021,0.181813872,0.063015046,0.138964633
Guinea,GIN,2021,0.386532773,0.187748002,0.266107605
India,IND,2021,0.740863352,0.739446082,0.068730197
India,IND,2021,0.81873469,0.815386719,0.14940321
"Iran, Islamic Rep.",IRN,2021,0.846531733,0.842078694,0.070034138
"Iran, Islamic Rep.",IRN,2021,0.972168506,0.969624379,0.196883082
Jamaica,JAM,2021,0.684620658,0.673974405,0.070456585
Jamaica,JAM,2021,0.757787299,0.753708822,0.155360875
Jordan,JOR,2021,0.385847411,0.361649601,0.073601615
Jordan,JOR,2021,0.633580924,0.570316119,0.169375994
Kenya,KEN,2021,0.634028888,0.368532645,0.499430952
Kenya,KEN,2021,0.849158352,0.555432489,0.754383313
Kyrgyz Republic,KGZ,2021,0.380624347,0.333973726,0.084920515
Kyrgyz Republic,KGZ,2021,0.537346154,0.502745509,0.150382041
Lesotho,LSO,2022,0.595351119,0.393403777,0.404209022
Lesotho,LSO,2022,0.690827469,0.510438846,0.531292513
Liberia,LBR,2021,0.400750526,0.176696093,0.298754568
Liberia,LBR,2021,0.563016518,0.330026561,0.388910177
Madagascar,MDG,2022,0.173015284,0.100157081,0.106793652
Madagascar,MDG,2022,0.288397791,0.151219611,0.213857983
Malawi,MWI,2021,0.294752638,0.141382824,0.221149188
Malawi,MWI,2021,0.518176709,0.244097999,0.427692596
Malaysia,MYS,2021,0.808913624,0.80333444,0.117699043
Malaysia,MYS,2021,0.928760883,0.928760883,0.377282536
Mali,MLI,2021,0.336894739,0.163113125,0.239689334
Mali,MLI,2021,0.467991388,0.325209615,0.311963472
Mauritania,MRT,2022,0.164134977,0.128341789,0.073356272
Mauritania,MRT,2022,0.316803143,0.292268825,0.134626324
Mauritius,MUS,2021,0.84127866,0.837534407,0.058328757
Mauritius,MUS,2021,0.938152721,0.931440272,0.21068111
Mexico,MEX,2022,0.334436256,0.304310178,0.09701888
Mexico,MEX,2022,0.568270076,0.54243903,0.2240896
Mongolia,MNG,2021,0.970102993,0.970102993,0.496460289
Mongolia,MNG,2021,0.994586979,0.989682071,0.651806386
Mozambique,MOZ,2021,0.363883944,0.263675247,0.202240511
Mozambique,MOZ,2021,0.607714947,0.491933127,0.372540707
Myanmar,MMR,2021,0.541927306,0.410592554,0.308052631
Myanmar,MMR,2021,0.452717183,0.342087677,0.283323485
Namibia,NAM,2021,0.591633522,0.530371166,0.307216425
Namibia,NAM,2021,0.871249579,0.81811224,0.580406281
Paraguay,PRY,2021,0.477413902,0.239461241,0.313061729
Paraguay,PRY,2021,0.584330404,0.289692254,0.415432474
Peru,PER,2021,0.383157576,0.367410809,0.059736426
Peru,PER,2021,0.670525687,0.659829426,0.185144992
Philippines,PHL,2021,0.414243564,0.355917324,0.182376834
Philippines,PHL,2021,0.575946931,0.524857595,0.239292168
Russian Federation,RUS,2021,0.852108707,0.843775506,0.274241397
Russian Federation,RUS,2021,0.930212228,0.918796511,0.369768141
Senegal,SEN,2021,0.44655266,0.183277027,0.352020965
Senegal,SEN,2021,0.656746615,0.36555418,0.532079891
Sierra Leone,SLE,2021,0.303245074,0.13120496,0.193585166
Sierra Leone,SLE,2021,0.28220135,0.140564078,0.18905289
Singapore,SGP,2021,0.93997167,0.929619833,0.148051849
Singapore,SGP,2021,0.99446992,0.99446992,0.390410102
South Africa,ZAF,2021,0.786184945,0.772356544,0.245465163
South Africa,ZAF,2021,0.922815782,0.911350763,0.488398659
Tanzania,TZA,2021,0.393356637,0.169444116,0.301926399
Tanzania,TZA,2021,0.576846671,0.25877628,0.503476969
Thailand,THA,2021,0.945756505,0.945756505,0.523863868
Thailand,THA,2021,0.95960741,0.939816382,0.629175915
Togo,TGO,2021,0.337354853,0.120867512,0.259520992
Togo,TGO,2021,0.554653727,0.296312414,0.403683238
Turkiye,TUR,2021,0.64750004,0.640003697,0.115146477
Turkiye,TUR,2021,0.838984627,0.831986376,0.253908278
Uganda,UGA,2021,0.501407699,0.230680433,0.412583678
Uganda,UGA,2021,0.722561911,0.419860218,0.588375227
United Arab Emirates,ARE,2021,0.865464711,0.854038002,0.091665918
United Arab Emirates,ARE,2021,0.853197012,0.841178543,0.15407071
"Venezuela, RB",VEN,2021,0.731226306,0.731226306,0.176498598
"Venezuela, RB",VEN,2021,0.903187415,0.897678284,0.369647572
Viet Nam,VNM,2022,0.313837258,0.307331559,0.103452716
Viet Nam,VNM,2022,0.646184419,0.645680138,0.185206063
Zambia,ZMB,2021,0.375013055,0.153253286,0.321371232
Zambia,ZMB,2021,0.549137156,0.287854748,0.471378033
Zimbabwe,ZWE,2021,0.498246615,0.203227607,0.415979828
Zimbabwe,ZWE,2021,0.683872418,0.370249536,0.585013587
Botswana,BWA,2014,0.61725029,0.580416657,0.28603371
Botswana,BWA,2014,0.314990552,0.307055928,0.045314961
Cambodia,KHM,2014,0.389216058,0.283097323,0.201931828
Cambodia,KHM,2014,0.20020276,0.105399121,0.12411457
Cote d'Ivoire,CIV,2014,0.477121023,0.265126639,0.342200267
Cote d'Ivoire,CIV,2014,0.300496683,0.118098502,0.209070604
Ghana,GHA,2014,0.535526262,0.470782114,0.182589489
Ghana,GHA,2014,0.248725513,0.196022272,0.067259383
Kenya,KEN,2014,0.857294197,0.751034664,0.66521976
Kenya,KEN,2014,0.641663782,0.364462568,0.506036151
Mali,MLI,2014,0.350240417,0.287847122,0.166683724
Mali,MLI,2014,0.1661133,0.096534923,0.104775259
Namibia,NAM,2014,0.718798131,0.70887128,0.175284214
Namibia,NAM,2014,0.429653608,0.424247814,0.02041571
Rwanda,RWA,2014,0.575398925,0.532851581,0.297835376
Rwanda,RWA,2014,0.396176283,0.356914159,0.162040001
South Africa,ZAF,2014,0.738405197,0.720144694,0.175633488
South Africa,ZAF,2014,0.606584879,0.598419161,0.060213778
Tanzania,TZA,2014,0.68107774,0.446675885,0.563510424
Tanzania,TZA,2014,0.326300422,0.125363042,0.263909881
Uganda,UGA,2014,0.568559163,0.405971338,0.458025921
Uganda,UGA,2014,0.367948208,0.198271658,0.28490776
United Arab Emirates,ARE,2014,0.846491163,0.840794528,0.117262385
United Arab Emirates,ARE,2014,0.644202155,0.644202155,0.071048797
Zambia,ZMB,2014,0.509005704,0.452602932,0.217091981
Zambia,ZMB,2014,0.224396644,0.191181971,0.03938739
Zimbabwe,ZWE,2014,0.398870995,0.218877847,0.273791735
Zimbabwe,ZWE,2014,0.208674589,0.102004117,0.125631925
Bangladesh,BGD,2017,0.572312817,0.477621315,0.260562309
Bangladesh,BGD,2017,0.398387523,0.313255749,0.144111162
Benin,BEN,2017,0.556704326,0.456755633,0.342051412
Benin,BEN,2017,0.314403888,0.258347336,0.113976903
Botswana,BWA,2017,0.598837337,0.508167067,0.359300389
Botswana,BWA,2017,0.389953319,0.362804177,0.093518935
Burkina Faso,BFA,2017,0.633887315,0.342164422,0.516277021
Burkina Faso,BFA,2017,0.377803842,0.20083078,0.284318717
Cameroon,CMR,2017,0.464665095,0.357667274,0.246778398
Cameroon,CMR,2017,0.268952979,0.209656072,0.088781569
Chile,CHL,2017,0.809238214,0.805461249,0.235587758
Chile,CHL,2017,0.541800244,0.532490615,0.035901731
"Congo, Dem. Rep.",COD,2017,0.299145001,0.166490397,0.19680154
"Congo, Dem. Rep.",COD,2017,0.177849025,0.118608439,0.082924349
Cote d'Ivoire,CIV,2017,0.603151033,0.22054598,0.5252672
Cote d'Ivoire,CIV,2017,0.349710841,0.123228698,0.278521584
Gabon,GAB,2017,0.723960616,0.452408832,0.562393261
Gabon,GAB,2017,0.455328132,0.239279588,0.312131348
Ghana,GHA,2017,0.675496149,0.512832549,0.462084532
Ghana,GHA,2017,0.493870599,0.34100063,0.331717636
Guinea,GIN,2017,0.471696624,0.31070519,0.286992904
Guinea,GIN,2017,0.170548818,0.0979504,0.099639099
Haiti,HTI,2017,0.421691851,0.357620202,0.178783915
Haiti,HTI,2017,0.170337345,0.158256382,0.063973697
"Iran, Islamic Rep.",IRN,2017,0.947167397,0.940565425,0.305360868
"Iran, Islamic Rep.",IRN,2017,0.903630139,0.898448366,0.083538736
Kenya,KEN,2017,0.915533746,0.718009375,0.838947092
Kenya,KEN,2017,0.674084939,0.329135788,0.573869932
Lesotho,LSO,2017,0.633708389,0.459060364,0.470640604
Lesotho,LSO,2017,0.370619168,0.273453782,0.183629251
Liberia,LBR,2017,0.586640468,0.370537837,0.332131465
Liberia,LBR,2017,0.254956732,0.148156182,0.152534646
Malawi,MWI,2017,0.552663982,0.392193047,0.384582088
Malawi,MWI,2017,0.253524408,0.165614455,0.136219052
Malaysia,MYS,2017,0.875355066,0.873962846,0.112119901
Malaysia,MYS,2017,0.699901571,0.699901571,0.079942811
Maldives,MDV,2017,0.831617543,0.830100927,0.30752423
Maldives,MDV,2017,0.720899214,0.720899214,0.087294709
Mali,MLI,2017,0.594742202,0.323552789,0.418483495
Mali,MLI,2017,0.283855659,0.140374596,0.192716307
Mongolia,MNG,2017,0.960354002,0.960354002,0.274785843
Mongolia,MNG,2017,0.850011325,0.850011325,0.073798669
Mozambique,MOZ,2017,0.753063663,0.648610741,0.483924412
Mozambique,MOZ,2017,0.346136347,0.262498236,0.164660941
Namibia,NAM,2017,0.851151047,0.823444224,0.493514501
Namibia,NAM,2017,0.734736405,0.691970633,0.334554336
Paraguay,PRY,2017,0.511394016,0.31098994,0.334838769
Paraguay,PRY,2017,0.44362492,0.310307444,0.209713112
Rwanda,RWA,2017,0.698387656,0.522263069,0.58267469
Rwanda,RWA,2017,0.470031938,0.34287659,0.269817725
Senegal,SEN,2017,0.541467252,0.291835973,0.434746473
Senegal,SEN,2017,0.37630263,0.170073423,0.272426119
Sierra Leone,SLE,2017,0.437095964,0.297912893,0.250676546
Sierra Leone,SLE,2017,0.127323905,0.071593929,0.068072676
South Africa,ZAF,2017,0.711638602,0.695623182,0.21743172
South Africa,ZAF,2017,0.639982859,0.61540851,0.121705811
Tanzania,TZA,2017,0.669440419,0.360035609,0.570447513
Tanzania,TZA,2017,0.41020253,0.167058309,0.332851949
Togo,TGO,2017,0.561022381,0.437707832,0.299810261
Togo,TGO,2017,0.383642467,0.27093075,0.168818946
Turkiye,TUR,2017,0.740208157,0.729239731,0.20696256
Turkiye,TUR,2017,0.574380933,0.56849871,0.076136077
Uganda,UGA,2017,0.768773878,0.462233868,0.663382734
Uganda,UGA,2017,0.466462654,0.230845752,0.393148397
United Arab Emirates,ARE,2017,0.88876374,0.880196549,0.218632129
United Arab Emirates,ARE,2017,0.708787531,0.708787531,0.092930766
"Venezuela, RB",VEN,2017,0.782735997,0.779168429,0.123988629
"Venezuela, RB",VEN,2017,0.579375309,0.579375309,0.062912975
Zambia,ZMB,2017,0.60140122,0.486144782,0.405155981
Zambia,ZMB,2017,0.309000325,0.224165792,0.145245431
Zimbabwe,ZWE,2017,0.652258814,0.353059472,0.581047082
Zimbabwe,ZWE,2017,0.379223942,0.158941995,0.319050037
Argentina,ARG,2021,0.796931869,0.740182523,0.454140651
Argentina,ARG,2021,0.570962488,0.524670696,0.164750863
Armenia,ARM,2021,0.567015449,0.539037699,0.177061872
Armenia,ARM,2021,0.445577736,0.387306836,0.08740635
Bangladesh,BGD,2021,0.566269548,0.427771172,0.308600569
Bangladesh,BGD,2021,0.465663545,0.292141627,0.259940506
Benin,BEN,2021,0.636144922,0.359653757,0.503210062
Benin,BEN,2021,0.410090372,0.175903067,0.29764744
Bolivia,BOL,2021,0.754125776,0.741068587,0.176570786
Bolivia,BOL,2021,0.553876723,0.553876723,0.018036167
Botswana,BWA,2022,0.667893291,0.55490009,0.49129401
Botswana,BWA,2022,0.438042523,0.392246383,0.140868077
Brazil,BRA,2021,0.855630236,0.852946896,0.315390454
Brazil,BRA,2021,0.812766273,0.803045741,0.140075399
Burkina Faso,BFA,2021,0.554004983,0.347314657,0.402703885
Burkina Faso,BFA,2021,0.316919841,0.179211213,0.21092634
Cameroon,CMR,2021,0.672119072,0.326625167,0.572252239
Cameroon,CMR,2021,0.371978414,0.149980044,0.28704192
Chad,TCD,2022,0.414029906,0.337389867,0.197026547
Chad,TCD,2022,0.219766941,0.168122008,0.113932952
Colombia,COL,2021,0.646633795,0.60024554,0.268986105
Colombia,COL,2021,0.480776327,0.466462179,0.078489084
"Congo, Rep.",COG,2021,0.577639234,0.197142633,0.471525376
"Congo, Rep.",COG,2021,0.306857645,0.155539601,0.211896407
Cote d'Ivoire,CIV,2021,0.692525882,0.328867565,0.563887049
Cote d'Ivoire,CIV,2021,0.439860781,0.162493894,0.343191129
El Salvador,SLV,2021,0.506719535,0.451306894,0.175528256
El Salvador,SLV,2021,0.279580794,0.230570196,0.07314882
Eswatini,SWZ,2022,0.739987915,0.496001441,0.640969157
Eswatini,SWZ,2022,0.561535127,0.252282325,0.469804943
Gabon,GAB,2021,0.757205969,0.345810785,0.655167839
Gabon,GAB,2021,0.529001465,0.175261449,0.462544235
Ghana,GHA,2021,0.80973724,0.508406737,0.726295705
Ghana,GHA,2021,0.515909001,0.238887552,0.429252804
Guinea,GIN,2021,0.557196967,0.254293044,0.422231985
Guinea,GIN,2021,0.220184606,0.098866714,0.146093799
India,IND,2021,0.813043631,0.807368537,0.25464937
India,IND,2021,0.759045265,0.758421723,0.031705226
"Iran, Islamic Rep.",IRN,2021,0.927250334,0.922642748,0.151577151
"Iran, Islamic Rep.",IRN,2021,0.838635411,0.837147076,0.061959727
Jamaica,JAM,2021,0.828052238,0.828052238,0.14524223
Jamaica,JAM,2021,0.599446186,0.587676117,0.086386311
Jordan,JOR,2021,0.501740707,0.471502802,0.116597456
Jordan,JOR,2021,0.387134642,0.329058451,0.07907733
Kenya,KEN,2021,0.882125525,0.595977672,0.778373655
Kenya,KEN,2021,0.610172452,0.322713818,0.501124448
Kyrgyz Republic,KGZ,2021,0.488758365,0.452339593,0.121266776
Kyrgyz Republic,KGZ,2021,0.289362826,0.227499887,0.084496853
Lesotho,LSO,2022,0.774768027,0.560814802,0.596584275
Lesotho,LSO,2022,0.554878197,0.374429905,0.377166157
Liberia,LBR,2021,0.705904124,0.325199924,0.591159786
Liberia,LBR,2021,0.428471733,0.26722086,0.260196076
Madagascar,MDG,2022,0.453427039,0.252263217,0.350865559
Madagascar,MDG,2022,0.202265734,0.103931467,0.139384963
Malawi,MWI,2021,0.705928808,0.397154121,0.584748854
Malawi,MWI,2021,0.333156999,0.136704602,0.262393732
Malaysia,MYS,2021,0.929416354,0.92673585,0.342031477
Malaysia,MYS,2021,0.71673437,0.71673437,0.033831711
Mali,MLI,2021,0.653295687,0.41124287,0.506031278
Mali,MLI,2021,0.385670824,0.255613702,0.245468484
Mauritania,MRT,2022,0.413579371,0.357160812,0.189717791
Mauritania,MRT,2022,0.174793588,0.152137924,0.074154899
Mauritius,MUS,2021,0.937360584,0.933829602,0.212948802
Mauritius,MUS,2021,0.851820048,0.842495913,0.069056919
Mexico,MEX,2022,0.563097417,0.53519248,0.237022472
Mexico,MEX,2022,0.317912027,0.29205515,0.050684452
Mongolia,MNG,2021,0.99072352,0.986898988,0.660032468
Mongolia,MNG,2021,0.965344671,0.965344671,0.364417138
Mozambique,MOZ,2021,0.843051441,0.676771248,0.667833853
Mozambique,MOZ,2021,0.391147091,0.297221546,0.192021774
Myanmar,MMR,2021,0.67704701,0.562551644,0.423831397
Myanmar,MMR,2021,0.262498363,0.143743502,0.145836368
Namibia,NAM,2021,0.780767597,0.705891825,0.534701589
Namibia,NAM,2021,0.612900805,0.5807606,0.256597898
Paraguay,PRY,2021,0.611869361,0.296931361,0.455442484
Paraguay,PRY,2021,0.436058509,0.229327632,0.250881009
Peru,PER,2021,0.616175675,0.600726498,0.173909959
Peru,PER,2021,0.409253995,0.409253995,0.021136213
Philippines,PHL,2021,0.611750789,0.55131536,0.268915578
Philippines,PHL,2021,0.327689811,0.286265751,0.119612372
Russian Federation,RUS,2021,0.904941181,0.895772285,0.326088452
Russian Federation,RUS,2021,0.822854665,0.802946903,0.36840356
Senegal,SEN,2021,0.706811092,0.326168885,0.644757159
Senegal,SEN,2021,0.51292539,0.26694851,0.386805543
Sierra Leone,SLE,2021,0.445754285,0.235960394,0.274932183
Sierra Leone,SLE,2021,0.207155241,0.086951151,0.146763275
Singapore,SGP,2021,0.989612428,0.985092137,0.36620842
Singapore,SGP,2021,0.924400041,0.924400041,0.061950094
South Africa,ZAF,2021,0.885906562,0.874369697,0.403295825
South Africa,ZAF,2021,0.760165888,0.743009092,0.244885991
Tanzania,TZA,2021,0.734982861,0.4253468,0.656740698
Tanzania,TZA,2021,0.467012915,0.180565721,0.388309233
Thailand,THA,2021,0.973116749,0.964478156,0.70796743
Thailand,THA,2021,0.934699289,0.914437809,0.469167698
Togo,TGO,2021,0.619083852,0.353982196,0.474235248
Togo,TGO,2021,0.422802899,0.186617,0.303394203
Turkiye,TUR,2021,0.817524802,0.81140437,0.242108727
Turkiye,TUR,2021,0.615382693,0.605824394,0.074686571
Uganda,UGA,2021,0.76348336,0.45721368,0.642786506
Uganda,UGA,2021,0.54259324,0.262660345,0.420654259
United Arab Emirates,ARE,2021,0.863672688,0.851041396,0.133504122
United Arab Emirates,ARE,2021,0.759677671,0.759677671,0.090999767
"Venezuela, RB",VEN,2021,0.847679996,0.844480763,0.322368792
"Venezuela, RB",VEN,2021,0.830016051,0.825006686,0.242614346
Viet Nam,VNM,2022,0.606943102,0.60564078,0.183039861
Viet Nam,VNM,2022,0.217664905,0.210090539,0.021293634
Zambia,ZMB,2021,0.671824533,0.381325725,0.581074614
Zambia,ZMB,2021,0.330219727,0.120010213,0.279559746
Zimbabwe,ZWE,2021,0.67673091,0.355436957,0.59442762
Zimbabwe,ZWE,2021,0.47461657,0.194962388,0.369795957
world,WLD,2014,0.616740154,0.608543826,0.020785695
world,WLD,2017,0.693221453,0.678891797,0.044599294
world,WLD,2021,0.73829921,0.714724042,0.104926593
world,WLD,2021,0.762905996,0.737839035,0.123597773
world,WLD,2021,0.71324877,0.69119229,0.085918775
world,WLD,2021,0.770235276,0.74511525,0.129277851
world,WLD,2021,0.690288166,0.669035457,0.06831816
world,WLD,2021,0.768695481,0.74944649,0.093722303
world,WLD,2021,0.629601974,0.590556369,0.144993195
world,WLD,2021,0.635661151,0.613281516,0.084880186
world,WLD,2021,0.753134379,0.717467244,0.170926632
world,WLD,2021,0.825509549,0.801532556,0.143769396
world,WLD,2021,0.63306391,0.609835532,0.056722931
Developing economies,LMY,2014,0.547377867,0.537330459,0.025119968
Developing economies,LMY,2017,0.639663468,0.622127673,0.053484854
Developing economies,LMY,2021,0.690001519,0.66127571,0.127402681
Developing economies,LMY,2021,0.721420894,0.690991192,0.149516124
Developing economies,LMY,2021,0.657804245,0.630824514,0.10474174
Developing economies,LMY,2021,0.725825586,0.695214746,0.15703585
Developing economies,LMY,2021,0.636154656,0.610262222,0.082861305
Developing economies,LMY,2021,0.719984037,0.695948551,0.116542815
Developing economies,LMY,2021,0.593848368,0.550080814,0.162229988
Developing economies,LMY,2021,0.558991533,0.531019398,0.105894437
Developing economies,LMY,2021,0.681762631,0.634395753,0.226039789
Developing economies,LMY,2021,0.766999755,0.733283324,0.201359852
Developing economies,LMY,2021,0.621033137,0.596673129,0.059444818
East Asia & Pacific (excluding high income),EAP,2014,0.688136459,0.686076236,0.00409759
Europe & Central Asia (excluding high income),ECA,2014,0.573789112,0.573445062,0.001571051
Middle East & North Africa (excluding high income),MNA,2014,0.424508791,0.422710692,0.017105702
Sub-Saharan Africa (excluding high income),SSA,2014,0.341808759,0.288852362,0.113834684
East Asia & Pacific (excluding high income),EAP,2017,0.703695935,0.701069579,0.01232804
Europe & Central Asia (excluding high income),ECA,2017,0.655453686,0.653193396,0.033315735
Middle East & North Africa (excluding high income),MNA,2017,0.53042808,0.523510646,0.09161093
Sub-Saharan Africa (excluding high income),SSA,2017,0.424583147,0.328046535,0.205407906
East Asia & Pacific (excluding high income),EAP,2021,0.797010613,0.789460599,0.063435433
Europe & Central Asia (excluding high income),ECA,2021,0.775996414,0.769528616,0.171931867
Middle East & North Africa (excluding high income),MNA,2021,0.454130527,0.443243961,0.054282593
Sub-Saharan Africa (excluding high income),SSA,2021,0.492735586,0.361468719,0.272870258
Sub-Saharan Africa (excluding high income),SSA,2014,0.385609177,0.327333235,0.126450324
Sub-Saharan Africa (excluding high income),SSA,2014,0.29889346,0.251149112,0.101473981
Sub-Saharan Africa (excluding high income),SSA,2017,0.483102191,0.383871293,0.230802646
Sub-Saharan Africa (excluding high income),SSA,2017,0.367369504,0.273467077,0.180579654
Europe & Central Asia (excluding high income),ECA,2021,0.809442601,0.802057833,0.187341638
Europe & Central Asia (excluding high income),ECA,2021,0.746020415,0.740374449,0.158120929
Sub-Saharan Africa (excluding high income),SSA,2021,0.554872149,0.418260095,0.303204097
Sub-Saharan Africa (excluding high income),SSA,2021,0.433038804,0.306907246,0.243727472
Sub-Saharan Africa (excluding high income),SSA,2014,0.415154155,0.358536265,0.137515196
Sub-Saharan Africa (excluding high income),SSA,2014,0.236058725,0.187587301,0.079995774
Sub-Saharan Africa (excluding high income),SSA,2017,0.496640025,0.395372975,0.2430183
Sub-Saharan Africa (excluding high income),SSA,2017,0.318344031,0.228104054,0.150513629
Europe & Central Asia (excluding high income),ECA,2021,0.815411977,0.808835842,0.190364192
Europe & Central Asia (excluding high income),ECA,2021,0.716695807,0.710391003,0.144200486
Sub-Saharan Africa (excluding high income),SSA,2021,0.56476554,0.420160263,0.327899904
Sub-Saharan Africa (excluding high income),SSA,2021,0.384300402,0.273113415,0.190027643
Sub-Saharan Africa (excluding high income),SSA,2014,0.384307617,0.331731895,0.122552839
Sub-Saharan Africa (excluding high income),SSA,2014,0.257974301,0.204266976,0.096637004
Sub-Saharan Africa (excluding high income),SSA,2017,0.452491517,0.36165825,0.20888874
Sub-Saharan Africa (excluding high income),SSA,2017,0.370791151,0.263261627,0.198698772
Europe & Central Asia (excluding high income),ECA,2021,0.788009473,0.782237465,0.155094023
Europe & Central Asia (excluding high income),ECA,2021,0.719149683,0.709389357,0.251609853
Sub-Saharan Africa (excluding high income),SSA,2021,0.52140402,0.393833059,0.277532389
Sub-Saharan Africa (excluding high income),SSA,2021,0.436459195,0.297937229,0.263718454
Sub-Saharan Africa (excluding high income),SSA,2014,0.263780514,0.220669658,0.076696232
Sub-Saharan Africa (excluding high income),SSA,2014,0.396273255,0.336444573,0.139757695
Sub-Saharan Africa (excluding high income),SSA,2017,0.341184992,0.256442322,0.150795894
Sub-Saharan Africa (excluding high income),SSA,2017,0.473796156,0.370299974,0.237634296
Europe & Central Asia (excluding high income),ECA,2021,0.687543021,0.681584761,0.128173922
Europe & Central Asia (excluding high income),ECA,2021,0.852237514,0.845330529,0.209648384
Sub-Saharan Africa (excluding high income),SSA,2021,0.38804728,0.282275832,0.1890768
Sub-Saharan Africa (excluding high income),SSA,2021,0.552160287,0.406421338,0.320434321
Sub-Saharan Africa (excluding high income),SSA,2014,0.513954907,0.46477499,0.156474518
Sub-Saharan Africa (excluding high income),SSA,2014,0.226476404,0.171174443,0.085332115
Sub-Saharan Africa (excluding high income),SSA,2017,0.599210342,0.495371898,0.291746343
Sub-Saharan Africa (excluding high income),SSA,2017,0.305337365,0.212089427,0.147371096
Europe & Central Asia (excluding high income),ECA,2021,0.820015008,0.81413887,0.186379215
Europe & Central Asia (excluding high income),ECA,2021,0.584350206,0.575014338,0.104851517
Sub-Saharan Africa (excluding high income),SSA,2021,0.686090776,0.527513143,0.410318878
Sub-Saharan Africa (excluding high income),SSA,2021,0.353477801,0.241679573,0.173958661
Latin America & Caribbean (excluding high income),LAC,2014,0.515667405,0.513063045,0.017104259
South Asia,SAS,2014,0.46321525,0.453950414,0.026648118
Latin America & Caribbean (excluding high income),LAC,2017,0.543777324,0.534853502,0.051930481
South Asia,SAS,2017,0.694137283,0.682321657,0.041844245
Latin America & Caribbean (excluding high income),LAC,2021,0.671346843,0.650186537,0.219347487
South Asia,SAS,2021,0.679950356,0.659821581,0.115225283
Latin America & Caribbean (excluding high income),LAC,2021,0.717090513,0.698473266,0.248899329
Latin America & Caribbean (excluding high income),LAC,2021,0.626447656,0.602791238,0.190341208
South Asia,SAS,2021,0.699222273,0.673941369,0.166639334
South Asia,SAS,2021,0.659736958,0.645012007,0.061299527
Latin America & Caribbean (excluding high income),LAC,2021,0.724818428,0.705364823,0.262054409
Latin America & Caribbean (excluding high income),LAC,2021,0.590806173,0.567075177,0.155020908
South Asia,SAS,2021,0.682541961,0.66138306,0.153379574
South Asia,SAS,2021,0.676053301,0.65747355,0.05785181
Latin America & Caribbean (excluding high income),LAC,2021,0.686507397,0.671295676,0.204928757
Latin America & Caribbean (excluding high income),LAC,2021,0.619751767,0.578346973,0.268417952
South Asia,SAS,2021,0.718672098,0.699409153,0.111136237
South Asia,SAS,2021,0.580478397,0.5581254,0.125729599
Latin America & Caribbean (excluding high income),LAC,2021,0.575513792,0.555522548,0.123223461
Latin America & Caribbean (excluding high income),LAC,2021,0.726151003,0.704322144,0.274318047
South Asia,SAS,2021,0.635959579,0.61996095,0.078825035
South Asia,SAS,2021,0.736633857,0.711183259,0.162128149
Latin America & Caribbean (excluding high income),LAC,2021,0.72297716,0.700934015,0.271934095
Latin America & Caribbean (excluding high income),LAC,2021,0.563679606,0.543478204,0.098679896
South Asia,SAS,2021,0.72944649,0.696141378,0.244059959
South Asia,SAS,2021,0.654650311,0.641606515,0.045682756
High income,HIC,2014,0.921518292,0.92145561,0.001740884
Low income,LIC,2014,0.190874362,0.151917412,0.068218314
Lower middle income,LMC,2014,0.436380019,0.421044096,0.037093964
Upper middle income,UMC,2014,0.709032055,0.708286059,0.007058976
High income,HIC,2017,0.929588596,0.92940858,0.005384701
Low income,LIC,2017,0.319854273,0.234087282,0.15150621
Lower middle income,LMC,2017,0.600091124,0.577553344,0.068291672
Upper middle income,UMC,2017,0.725660084,0.722751111,0.024231282
High income,HIC,2021,0.958343832,0.958235018,0.002525378
Low income,LIC,2021,0.351821647,0.244577498,0.183073127
Lower middle income,LMC,2021,0.621104484,0.584613977,0.137601047
Upper middle income,UMC,2021,0.825561464,0.818618729,0.106433101
Low income,LIC,2017,0.373263009,0.278422051,0.179029413
Low income,LIC,2017,0.26817816,0.191190769,0.124875882
Low income,LIC,2021,0.406241781,0.286517326,0.208911417
Low income,LIC,2021,0.300216251,0.204806897,0.158571254
Lower middle income,LMC,2021,0.652434241,0.613267632,0.175429906
Lower middle income,LMC,2021,0.589416826,0.555632991,0.099340043
Upper middle income,UMC,2021,0.849153122,0.842441898,0.110546167
Upper middle income,UMC,2021,0.800701316,0.793514623,0.102098882
Low income,LIC,2017,0.382939575,0.288340616,0.182019574
Low income,LIC,2017,0.224898611,0.152425451,0.105577655
Low income,LIC,2021,0.414140246,0.287236023,0.22698473
Low income,LIC,2021,0.258070719,0.180402817,0.117013337
Lower middle income,LMC,2021,0.649582637,0.611415677,0.175759508
Lower middle income,LMC,2021,0.578261703,0.544293265,0.080195125
Upper middle income,UMC,2021,0.865882015,0.859690383,0.123703546
Upper middle income,UMC,2021,0.765026766,0.756956374,0.080504359
Low income,LIC,2017,0.336138888,0.257824002,0.147476506
Low income,LIC,2017,0.291019063,0.192056609,0.158641618
Low income,LIC,2021,0.364035126,0.259370314,0.179380172
Low income,LIC,2021,0.329707044,0.217792565,0.189759854
Lower middle income,LMC,2021,0.652508193,0.620090806,0.128230827
Lower middle income,LMC,2021,0.537360214,0.490007916,0.162588614
Upper middle income,UMC,2021,0.835105915,0.829962572,0.096452781
Upper middle income,UMC,2021,0.781320603,0.76603725,0.15269432
Low income,LIC,2017,0.22289567,0.154528745,0.106789809
Low income,LIC,2017,0.377719052,0.281567722,0.178192905
Low income,LIC,2021,0.241702093,0.170050322,0.108260687
Low income,LIC,2021,0.429949898,0.297453465,0.236151484
Lower middle income,LMC,2021,0.569774532,0.54288358,0.089372394
Lower middle income,LMC,2021,0.671733509,0.625774532,0.185171123
Upper middle income,UMC,2021,0.647185383,0.632750005,0.162136217
Upper middle income,UMC,2021,0.801970057,0.783715423,0.320347711
Low income,LIC,2017,0.471892613,0.336458725,0.267806314
Low income,LIC,2017,0.256549793,0.19099075,0.102554464
Low income,LIC,2021,0.518633046,0.336080579,0.337217624
Low income,LIC,2021,0.27355178,0.201137646,0.111176599
Lower middle income,LMC,2021,0.68564694,0.641232285,0.227707161
Lower middle income,LMC,2021,0.570172577,0.540070961,0.065095036
Upper middle income,UMC,2021,0.87110694,0.862195833,0.162340949
Upper middle income,UMC,2021,0.775988443,0.77122669,0.039098874
