country,country_code,year,account_pct,bank_account_pct,mobile_account_pct,digital_account_pct
Argentina,ARG,2024,0.817442447,0.728989947,0.567395437,0.713077048
Armenia,ARM,2024,0.713734735,0.705332707,0.173602692,0.468623211
Bangladesh,BGD,2024,0.432839733,0.329478937,0.207683726,0.228355064
Belize,BLZ,2024,0.679682002,0.673044577,0.136663451,0.430544838
Benin,BEN,2024,0.51843206,0.199061778,0.448728519,0.476605685
Bolivia,BOL,2024,0.568490527,0.534880593,0.199779285,0.336954429
Botswana,BWA,2024,0.614384691,0.416043564,0.516178157,0.562114566
Brazil,BRA,2024,0.863811782,0.855727692,0.581666157,0.708414919
Burkina Faso,BFA,2024,0.514274912,0.205498915,0.441573641,0.449327418
Cambodia,KHM,2024,0.390314429,0.372688785,0.168896941,0.32236086
Cameroon,CMR,2024,0.608737909,0.209972994,0.550654518,0.562458145
Chad,TCD,2024,0.208983599,0.150020898,0.133358944,0.15914906
Colombia,COL,2024,0.570594856,0.433789765,0.391465593,0.460045598
Comoros,COM,2024,0.454593974,0.408476637,0.140937863,0.231367934
"Congo, Dem. Rep.",COD,2024,0.392140115,0.135068648,0.351182388,0.358637056
"Congo, Rep.",COG,2024,0.555760388,0.147200014,0.515921177,0.529683278
Cote d'Ivoire,CIV,2024,0.57567627,0.168252205,0.533817788,0.539377969
Dominican Republic,DOM,2024,0.647779639,0.632920319,0.180158284,0.417732053
Ecuador,ECU,2024,0.645052104,0.639477053,0.100848646,0.383949186
"Egypt, Arab Rep.",EGY,2024,0.431134368,0.352735535,0.156072041,0.282377388
El Salvador,SLV,2024,0.434036649,0.428629057,0.058435819,0.212981676
Eswatini,SWZ,2024,0.651160267,0.431356222,0.504069176,0.565902098
Ethiopia,ETH,2024,0.488302768,0.484704021,0.094548896,0.160954994
Gabon,GAB,2024,0.681812563,0.248315312,0.616415501,0.631165575
"Gambia, The",GMB,2024,0.381609042,0.308469116,0.190885438,0.227662762
Ghana,GHA,2024,0.812430252,0.387411034,0.782813635,0.792804742
Guatemala,GTM,2024,0.382819484,0.375315801,0.03300105,0.132038886
Guinea,GIN,2024,0.36048025,0.169033571,0.258219395,0.29254098
Honduras,HND,2024,0.424429707,0.39273054,0.108892565,0.228849199
India,IND,2024,0.890248225,0.886553603,0.231007554,0.31066887
Indonesia,IDN,2024,0.563278494,0.523919069,0.220129024,0.373694773
"Iran, Islamic Rep.",IRN,2024,0.910610045,0.910610045,0.131040105,0.851175735
Iraq,IRQ,2024,0.301610518,0.282661963,0.118649863,0.19390909
Jordan,JOR,2024,0.464573138,0.395770643,0.205639167812616,0.29467966
Kazakhstan,KAZ,2024,0.870486447,0.84197223,0.488575255,0.779809621
Kenya,KEN,2024,0.901199174,0.454278444,0.874994113,0.894038659
Kyrgyz Republic,KGZ,2024,0.722642376,0.699585473,0.310351086,0.591015348
Lao PDR,LAO,2024,0.376501969,0.372299012,0.118384277,0.272647166
Lebanon,LBN,2024,0.230438576,0.215510155,0.027158979,0.094999223
Lesotho,LSO,2024,0.615710445,0.335292031,0.534728195,0.564115625
Liberia,LBR,2024,0.522139331,0.138832556,0.475292537,0.483566449
Madagascar,MDG,2024,0.244501397,0.094532663,0.193550167,0.204746757
Malawi,MWI,2024,0.503696725,0.12406691,0.473991978,0.476521252
Malaysia,MYS,2024,0.886918012,0.87183103,0.445049317,0.655306119
Mali,MLI,2024,0.547454806,0.184475281,0.483876159,0.513710356
Mauritius,MUS,2024,0.89598448,0.895179808,0.101270672,0.631631808
Mexico,MEX,2024,0.530320833,0.52389107,0.104373885,0.344182396
Mongolia,MNG,2024,0.982787008,0.982178824,0.640304314,0.962048938
Morocco,MAR,2024,0.443863291,0.424611317,0.058756973,0.165996078
Mozambique,MOZ,2024,0.543852875,0.250840349,0.45720986,0.496680777
Namibia,NAM,2024,0.729187673,0.626974954,0.484473581,0.660951479
Nepal,NPL,2024,0.599911157,0.575256881,0.105834365,0.176216142
Nicaragua,NIC,2024,0.234705927,0.215052816,0.080878133,0.145828772
Niger,NER,2024,0.148268992,0.126669936,0.057003706,0.074282228
Nigeria,NGA,2024,0.632613514,0.597277056,0.327907521,0.531441194
Pakistan,PAK,2024,0.272960072,0.18281262,0.183578643,0.198483696
Panama,PAN,2024,0.640952131,0.608679812,0.380533533,0.490105705
Paraguay,PRY,2024,0.60916761,0.455472583,0.359483793,0.472629972
Peru,PER,2024,0.593098978,0.498244622,0.42497337,0.479470402
Philippines,PHL,2024,0.501824221,0.335357459,0.288000006,0.327474932
Saudi Arabia,SAU,2024,0.788409517,0.779538335,0.365012282,0.746341389
Senegal,SEN,2024,0.764609257,0.480495953,0.66912649,0.735634312
Sierra Leone,SLE,2024,0.386205211,0.150133412,0.321957258,0.338226971
South Africa,ZAF,2024,0.811259662,0.784330264,0.316232017,0.677592513
Sri Lanka,LKA,2024,0.816921294,0.812270146,0.029961648,0.343865834
Tajikistan,TJK,2024,0.545193771,0.524742715,0.144302101,0.27896827
Tanzania,TZA,2024,0.598275253,0.219441734,0.528539837,0.550354145
Thailand,THA,2024,0.918249815,0.911189014,0.416773814,0.69230511
Togo,TGO,2024,0.574329534,0.324420271,0.479918379,0.51323557
Tunisia,TUN,2024,0.37844486,0.37737117,0.026456293,0.118958043
Turkiye,TUR,2024,0.815545478,0.815082105,0.233225246,0.645943542
Uganda,UGA,2024,0.728273758,0.261733237,0.677382954,0.695499544
"Venezuela, RB",VEN,2024,0.873184628,0.863742959,0.337396759,0.811894222
Viet Nam,VNM,2024,0.705507534,0.698541923,0.38723284,0.62741282
West Bank and Gaza,PSE,2024,0.396209836,0.386652297,0.061631687,0.194088814
Zambia,ZMB,2024,0.727024246,0.240723734,0.693107513,0.702662474
Zimbabwe,ZWE,2024,0.495216018,0.215661531,0.433317369,0.465431858
Argentina,ARG,2024,0.789395531,0.68401531,0.583533395,0.69191236
Argentina,ARG,2024,0.842497433,0.769166873,0.55297901,0.731983974
Armenia,ARM,2024,0.755669245,0.742415917,0.200104353,0.460333928
Armenia,ARM,2024,0.679879799,0.675394366,0.15220714,0.475315388
Bangladesh,BGD,2024,0.535110284,0.395134239,0.272008298,0.289157066
Bangladesh,BGD,2024,0.333460003,0.265679474,0.145177377,0.169271715
Belize,BLZ,2024,0.710650825,0.707910502,0.139969882,0.489748991
Belize,BLZ,2024,0.651819147,0.641675475,0.133688633,0.377278471
Benin,BEN,2024,0.550161875,0.199045655,0.502886229,0.517675028
Benin,BEN,2024,0.49055747,0.199075942,0.40115106,0.440526334
Bolivia,BOL,2024,0.603300945,0.584710028,0.231421439,0.383931295
Bolivia,BOL,2024,0.534638308,0.486422773,0.16900812,0.291270657
Botswana,BWA,2024,0.635502088,0.433836812,0.539959362,0.593863286
Botswana,BWA,2024,0.596866155,0.401282671,0.496449785,0.535776516
Brazil,BRA,2024,0.908535853,0.903605795,0.622510312,0.75222126
Brazil,BRA,2024,0.822763902,0.811785033,0.544179275,0.668209334
Burkina Faso,BFA,2024,0.597853699,0.236207364,0.511241098,0.517166006
Burkina Faso,BFA,2024,0.439890405,0.178168622,0.379570117,0.388951573
Cambodia,KHM,2024,0.415805707,0.392410017,0.191400753,0.368724377
Cambodia,KHM,2024,0.367988837,0.355416674,0.149187811,0.281755092
Cameroon,CMR,2024,0.693553578,0.257333906,0.625927487,0.639621361
Cameroon,CMR,2024,0.528996933,0.165445782,0.479885285,0.489911761
Chad,TCD,2024,0.216937638,0.162493113,0.151476468,0.170873901
Chad,TCD,2024,0.201401532,0.138131946,0.116088687,0.147972532
Colombia,COL,2024,0.636600566,0.528971141,0.425727039,0.491416961
Colombia,COL,2024,0.509915485,0.34628906,0.359968878,0.43120575
Comoros,COM,2024,0.49602472,0.444538132,0.186429399,0.278941627
Comoros,COM,2024,0.418394427,0.3769684,0.101190256,0.18980107
"Congo, Dem. Rep.",COD,2024,0.445944459,0.154003537,0.414846022,0.422853437
"Congo, Dem. Rep.",COD,2024,0.334561428,0.114805488,0.283052787,0.289915933
"Congo, Rep.",COG,2024,0.605586391,0.184199588,0.559433457,0.571808463
"Congo, Rep.",COG,2024,0.505916393,0.110187079,0.472393186,0.487542883
Cote d'Ivoire,CIV,2024,0.612027447,0.211728429,0.577205923,0.580425135
Cote d'Ivoire,CIV,2024,0.538175498,0.123401058,0.489057516,0.497032699
Dominican Republic,DOM,2024,0.682420116,0.663226207,0.21327548,0.472928989
Dominican Republic,DOM,2024,0.614376464,0.603696909,0.148223982,0.364506662
Ecuador,ECU,2024,0.655985687,0.647399653,0.122459785,0.448130576
Ecuador,ECU,2024,0.635126837,0.63228509,0.081230529,0.325686733
"Egypt, Arab Rep.",EGY,2024,0.459509693,0.343555303,0.232234437,0.347001321
"Egypt, Arab Rep.",EGY,2024,0.402142182,0.36211534,0.078253925,0.216348574
Eswatini,SWZ,2024,0.64809563,0.450968662,0.510170367,0.569066469
Eswatini,SWZ,2024,0.653509472,0.416322258,0.499392292,0.563476441
Gabon,GAB,2024,0.724173292,0.303276114,0.6567943,0.66661184
Gabon,GAB,2024,0.637213311,0.190450144,0.573902913,0.593846176
"Gambia, The",GMB,2024,0.41726889,0.344972745,0.201370499,0.243358426
"Gambia, The",GMB,2024,0.348624919,0.274704525,0.18118712,0.213144818
Ghana,GHA,2024,0.844194236,0.466233056,0.810431671,0.822275872
Ghana,GHA,2024,0.783104467,0.314639378,0.757315555,0.765595811
Guinea,GIN,2024,0.408599709,0.180650812,0.310028487,0.345720004
Guinea,GIN,2024,0.312380546,0.157421099,0.206431573,0.239383788
Honduras,HND,2024,0.527899759,0.481952283,0.157323056,0.30545409
Honduras,HND,2024,0.340839092,0.320650744,0.0697669,0.16696221
India,IND,2024,0.888052472,0.882323059,0.318183089,0.403798001
India,IND,2024,0.892482328,0.890858039,0.142309393,0.215913126
Indonesia,IDN,2024,0.546388119,0.509147458,0.241305391,0.380771688
Indonesia,IDN,2024,0.580308452,0.538812753,0.198777655,0.366559374
"Iran, Islamic Rep.",IRN,2024,0.953254506,0.953254506,0.170013923,0.900020341
"Iran, Islamic Rep.",IRN,2024,0.867880629,0.867880629,0.091988645,0.802233823
Iraq,IRQ,2024,0.407785225,0.37761303,0.174429062,0.275820908
Iraq,IRQ,2024,0.188101425,0.181151821,0.059017522,0.106338929
Jordan,JOR,2024,0.55919676,0.473694953,0.26494598,0.369267626
Jordan,JOR,2024,0.362234646,0.311492994,0.141496942,0.214010373
Kazakhstan,KAZ,2024,0.885002868,0.867659414,0.55097579,0.794583812
Kazakhstan,KAZ,2024,0.857420595,0.818851862,0.432410156,0.766511755
Kenya,KEN,2024,0.93889509,0.573062136,0.916719908,0.933910463
Kenya,KEN,2024,0.865155344,0.340700646,0.835097021,0.855914303
Kyrgyz Republic,KGZ,2024,0.733780751,0.699894109,0.346487529,0.610397768
Kyrgyz Republic,KGZ,2024,0.71235056,0.699300295,0.276961151,0.573106065
Lao PDR,LAO,2024,0.31709979,0.312112799,0.109606898,0.202121103
Lao PDR,LAO,2024,0.435865025,0.432445585,0.127155874,0.343126779
Lesotho,LSO,2024,0.629153027,0.390520078,0.535584217,0.568577553
Lesotho,LSO,2024,0.604259619,0.288246996,0.533999007,0.560314811
Liberia,LBR,2024,0.581311447,0.187170709,0.52975255,0.53978026
Liberia,LBR,2024,0.462794637,0.090353422,0.420673688641825,0.427188686
Malawi,MWI,2024,0.548354766,0.156327215,0.513829426,0.51843788
Malawi,MWI,2024,0.462797708,0.094522069,0.437507789,0.438132895
Malaysia,MYS,2024,0.891413579,0.880182343,0.464669673,0.660403437
Malaysia,MYS,2024,0.882264702,0.863186681,0.424740507,0.650029942
Mali,MLI,2024,0.641852798,0.228104501,0.563195856,0.60866025
Mali,MLI,2024,0.456045966,0.142227599,0.407068152,0.42176709
Mauritius,MUS,2024,0.917832048,0.916211848,0.124168694,0.684914231
Mauritius,MUS,2024,0.874427703,0.874427703,0.078677421,0.579058571
Mexico,MEX,2024,0.591387643,0.579100407,0.150677923,0.42883755
Mexico,MEX,2024,0.47401701,0.472987858,0.061681392,0.266130033
Mongolia,MNG,2024,0.975086522,0.973804715,0.623375816,0.942822087
Mongolia,MNG,2024,0.989739437,0.989739437,0.655588307,0.979408014
Mozambique,MOZ,2024,0.633549962,0.315613305,0.543509692,0.58437792
Mozambique,MOZ,2024,0.454883633,0.186592992,0.371610306,0.409695251
Namibia,NAM,2024,0.706592777,0.591068804,0.490730327,0.677280545
Namibia,NAM,2024,0.750382248,0.660655816,0.478604596,0.645634409
Nepal,NPL,2024,0.602270903,0.562125618,0.17069709,0.236805021
Nepal,NPL,2024,0.597778343,0.587125336,0.047209357,0.121453973
Nigeria,NGA,2024,0.743028796,0.701125858,0.405595793,0.618800974
Nigeria,NGA,2024,0.522155914,0.493388453,0.250189474,0.444047932
Pakistan,PAK,2024,0.422935436,0.268149732,0.321905679,0.340750745
Pakistan,PAK,2024,0.119121697,0.095277425,0.04168863,0.052552185
Panama,PAN,2024,0.70391512,0.671001389,0.392413931,0.506874635
Panama,PAN,2024,0.581187551,0.549524061,0.369256639,0.474188608
Paraguay,PRY,2024,0.617674731,0.487531151,0.36581947,0.481688049
Paraguay,PRY,2024,0.601097093,0.425059329,0.353473275,0.464036775
Peru,PER,2024,0.624782759,0.535640585,0.476929215,0.53699655
Peru,PER,2024,0.561785669,0.461285922,0.373625034,0.422616896
Philippines,PHL,2024,0.430424,0.282824919,0.263996432,0.288243343
Philippines,PHL,2024,0.57101611,0.386265224,0.311261176,0.365493129
Saudi Arabia,SAU,2024,0.818127654,0.811041011,0.393913373,0.782106042
Saudi Arabia,SAU,2024,0.734619015,0.722517777,0.312700652,0.681606555
Senegal,SEN,2024,0.796122559,0.520275983,0.714921166,0.772808516
Senegal,SEN,2024,0.735941346,0.444307731,0.627466692,0.70181663
Sierra Leone,SLE,2024,0.414790319,0.169434228,0.335757177,0.363607099
Sierra Leone,SLE,2024,0.359347203,0.131998744,0.308991126,0.314380302
South Africa,ZAF,2024,0.812787435,0.769403097,0.401145918,0.70732436
South Africa,ZAF,2024,0.809924154,0.797378897,0.242004247,0.651602319
Tajikistan,TJK,2024,0.625557725,0.588959209,0.218867251,0.359353523
Tajikistan,TJK,2024,0.469005363,0.463862777,0.073611202,0.202759668
Tanzania,TZA,2024,0.653362469,0.273699186,0.562354788,0.599877982
Tanzania,TZA,2024,0.549346318,0.171249802,0.49850511,0.506366651
Thailand,THA,2024,0.909182448,0.909182448,0.446925458,0.717473824
Thailand,THA,2024,0.927000685,0.913125541,0.387674614,0.66801491
Togo,TGO,2024,0.699999828,0.388370971,0.613967254,0.644936179
Togo,TGO,2024,0.453494825,0.262930288,0.351027482,0.386602583
Turkiye,TUR,2024,0.916080831,0.916080831,0.291661947,0.782587034
Turkiye,TUR,2024,0.7166755,0.71575643,0.175756552,0.511563559
Uganda,UGA,2024,0.802678607,0.334269415,0.746449535,0.761970304
Uganda,UGA,2024,0.663670902,0.198752876,0.617415111,0.637785551
"Venezuela, RB",VEN,2024,0.869300365,0.858176053,0.381387178,0.823959702
"Venezuela, RB",VEN,2024,0.877033336,0.869258909,0.293809006,0.799939184
Viet Nam,VNM,2024,0.712493315,0.703124673,0.405124761,0.631106595
Viet Nam,VNM,2024,0.698844155,0.694170673,0.370166655,0.623889518
Zambia,ZMB,2024,0.754614346,0.294751901,0.732352723,0.745248383
Zambia,ZMB,2024,0.701720749,0.191173298,0.657114854,0.663605987
Zimbabwe,ZWE,2024,0.52401337,0.244630545,0.471589137,0.495410563
Zimbabwe,ZWE,2024,0.469940182,0.190235024,0.399725706,0.439119132
Argentina,ARG,2024,0.864417641,0.794774104,0.614011013,0.768146342
Argentina,ARG,2024,0.746649665,0.629851591,0.497144608,0.630086258
Armenia,ARM,2024,0.762371412,0.748394632,0.203007347,0.534890807
Armenia,ARM,2024,0.640431619,0.640431619,0.129285256,0.36874753
Bangladesh,BGD,2024,0.481890552,0.382136436,0.236437843,0.265963089
Bangladesh,BGD,2024,0.355467073,0.246417108,0.16232704,0.169032243
Belize,BLZ,2024,0.707706158,0.698438017,0.163027247,0.498027119
Belize,BLZ,2024,0.637647609,0.634956087,0.097119491,0.329325851
Benin,BEN,2024,0.587139782,0.234842289,0.514055869,0.548931079
Benin,BEN,2024,0.415027171,0.14521223,0.350411078,0.367756209
Bolivia,BOL,2024,0.64379584,0.611400744,0.249322022,0.407526576
Bolivia,BOL,2024,0.455603934,0.420172894,0.125512139,0.231163098
Botswana,BWA,2024,0.693996817,0.485720621,0.608549002,0.653834454
Botswana,BWA,2024,0.49437268,0.311008262,0.376932903,0.423850604
Brazil,BRA,2024,0.918922107,0.916769893,0.645588672,0.783520198
Brazil,BRA,2024,0.780975447,0.763975153,0.485584217,0.595524165
Burkina Faso,BFA,2024,0.600238737,0.257373451,0.517231294,0.530155003
Burkina Faso,BFA,2024,0.385347844,0.127698378,0.328103594,0.328103594
Cambodia,KHM,2024,0.46319534,0.444623028,0.192197046,0.384865054
Cambodia,KHM,2024,0.281273293,0.26506401,0.134036373,0.228844899
Cameroon,CMR,2024,0.715008863,0.259741636,0.655139634,0.670060969
Cameroon,CMR,2024,0.44891987,0.135127267,0.393522154,0.400637143
Chad,TCD,2024,0.207856126,0.140829074,0.144309802,0.159810015
Chad,TCD,2024,0.210676399,0.16382159,0.116917221,0.158156696
Colombia,COL,2024,0.664939467,0.526464937,0.477208915,0.563220094
Colombia,COL,2024,0.429248421,0.29494447,0.263005548,0.305470291
Comoros,COM,2024,0.524204684,0.482151798,0.164773504,0.257612396
Comoros,COM,2024,0.350109004,0.297890969,0.105160808,0.191975262
"Congo, Dem. Rep.",COD,2024,0.47662483,0.1667616,0.431408139,0.438174941
"Congo, Dem. Rep.",COD,2024,0.265410579,0.087528297,0.230841422,0.239327909
"Congo, Rep.",COG,2024,0.648105386,0.194985498,0.58977413,0.612042994
"Congo, Rep.",COG,2024,0.4170827,0.075438894,0.405013635,0.406000836
Cote d'Ivoire,CIV,2024,0.669277521,0.213887575,0.621947963,0.625165223
Cote d'Ivoire,CIV,2024,0.435262534,0.099793367,0.401611359,0.41068622
Dominican Republic,DOM,2024,0.726289033,0.71181054,0.233989507,0.527579606
Dominican Republic,DOM,2024,0.52950278,0.514069733,0.099059862,0.252243277
Ecuador,ECU,2024,0.698771073,0.695118194,0.135344164,0.485514483
Ecuador,ECU,2024,0.564453859,0.555994841,0.04909266,0.231563824
"Egypt, Arab Rep.",EGY,2024,0.497821904,0.409925654,0.200326031,0.320018631
"Egypt, Arab Rep.",EGY,2024,0.330809494,0.266698596,0.089496242,0.225749821
Eswatini,SWZ,2024,0.722174467,0.481962337,0.585659501,0.652718796
Eswatini,SWZ,2024,0.544790275,0.355554872,0.381857529,0.435862026
Gabon,GAB,2024,0.736690787,0.291752445,0.675083115,0.690535865
Gabon,GAB,2024,0.599569791,0.183218631,0.528493794,0.542190806
"Gambia, The",GMB,2024,0.406598827,0.331081006,0.20828538,0.254272156
"Gambia, The",GMB,2024,0.344089976,0.274520166,0.164761581,0.187712055
Ghana,GHA,2024,0.890315781,0.49430854,0.855771728,0.87040638
Ghana,GHA,2024,0.695783204,0.227313532,0.673546273,0.676582868
Guinea,GIN,2024,0.405177154,0.16776212,0.320406746,0.344376581
Guinea,GIN,2024,0.293012687,0.170952756,0.164350947,0.214297938
Honduras,HND,2024,0.482404991,0.455967211,0.115911306,0.256645668
Honduras,HND,2024,0.337073036,0.297446057,0.098316783,0.186965713
India,IND,2024,0.908311711,0.902532259,0.321073438,0.407965309
India,IND,2024,0.863166813,0.862597842,0.095977622,0.164798637
Indonesia,IDN,2024,0.615891425,0.572398132,0.285681428,0.442385364
Indonesia,IDN,2024,0.484188045,0.451042862,0.121587297,0.270435563
"Iran, Islamic Rep.",IRN,2024,0.9385934,0.9385934,0.153827122,0.900974169
"Iran, Islamic Rep.",IRN,2024,0.868646774,0.868646774,0.096869157,0.776499017
Iraq,IRQ,2024,0.367811554,0.349156157,0.15744845,0.250157927
Iraq,IRQ,2024,0.202214446,0.182825736,0.060396589,0.109455526
Jordan,JOR,2024,0.536178921,0.46073607,0.246450292,0.35820351
Jordan,JOR,2024,0.357152731,0.298311859,0.144415795,0.199383476
Kazakhstan,KAZ,2024,0.895146093,0.858886404,0.480613054,0.795044332
Kazakhstan,KAZ,2024,0.833413415,0.81654365,0.500545539,0.756905929
Kenya,KEN,2024,0.942665958,0.521616214714616,0.92245381,0.933735183
Kenya,KEN,2024,0.838761641,0.352886344,0.803532907,0.834266649
Kyrgyz Republic,KGZ,2024,0.766989988,0.749499635,0.356564668,0.659897024
Kyrgyz Republic,KGZ,2024,0.65588805,0.624452088,0.240788007,0.487331075
Lao PDR,LAO,2024,0.505576529,0.505576529,0.162346194,0.377509857
Lao PDR,LAO,2024,0.182733611,0.172221121,0.052388092,0.11522597
Liberia,LBR,2024,0.583549855,0.142183081,0.546128976,0.548639614
Liberia,LBR,2024,0.430083046,0.133810015,0.369106511,0.386019748
Malawi,MWI,2024,0.585605304,0.15203436722317,0.558082154,0.558625956
Malawi,MWI,2024,0.380829684,0.0821143,0.347852431,0.353360014
Malaysia,MYS,2024,0.931284043,0.910983773,0.553540558,0.77623928
Malaysia,MYS,2024,0.820441783,0.813166177,0.282490518,0.474104861
Mali,MLI,2024,0.609026765,0.207036168,0.556784806,0.577214634
Mali,MLI,2024,0.454853738,0.150544864,0.374225293,0.418203179
Mauritius,MUS,2024,0.917740754,0.917740754,0.13628251,0.673608399
Mauritius,MUS,2024,0.863341062,0.861329048,0.048738416,0.56864954
Mexico,MEX,2024,0.619710694,0.610627057,0.141202486,0.43830608
Mexico,MEX,2024,0.396044369,0.393601107,0.049052016,0.202795048
Mongolia,MNG,2024,0.988664095,0.98765059,0.678960155,0.968266851
Mongolia,MNG,2024,0.973968424,0.973968424,0.582301126,0.952718945
Mozambique,MOZ,2024,0.670790731,0.301536486,0.571097753,0.616145395
Mozambique,MOZ,2024,0.353078695,0.174649413,0.286048395,0.317138084
Namibia,NAM,2024,0.815282446,0.735083718,0.56896321,0.753987819
Namibia,NAM,2024,0.599327544,0.463910257,0.357034552,0.520621112
Nepal,NPL,2024,0.646403454,0.621777498,0.136035471,0.222605574
Nepal,NPL,2024,0.530095282,0.505398479,0.060482408,0.106554735
Nigeria,NGA,2024,0.742769863,0.71749872,0.400399067,0.635204562
Nigeria,NGA,2024,0.467443881,0.417015379,0.219212905,0.375857265
Pakistan,PAK,2024,0.364061625,0.242566569,0.256203931,0.275272213
Pakistan,PAK,2024,0.136062538,0.093020866,0.074445238,0.083094242
Panama,PAN,2024,0.765155782,0.740074665,0.502039899,0.62759359
Panama,PAN,2024,0.454815776,0.411766446,0.198439433,0.284061087
Paraguay,PRY,2024,0.681355834,0.534994885,0.412431531,0.552463302
Paraguay,PRY,2024,0.500776335,0.336069125,0.279982282,0.352759501
Peru,PER,2024,0.690577749,0.592945296,0.540667372,0.602507858
Peru,PER,2024,0.446241136,0.355572156,0.250673147,0.294106809
Philippines,PHL,2024,0.606849095,0.395882835,0.383535481,0.438421353
Philippines,PHL,2024,0.344399006,0.244633996,0.144798761,0.161173716
Saudi Arabia,SAU,2024,0.816639368,0.805901834,0.372714695,0.768970787
Saudi Arabia,SAU,2024,0.746153434,0.740075917,0.353482862,0.712468389
Senegal,SEN,2024,0.814368884,0.468611574,0.75696781,0.790601663
Senegal,SEN,2024,0.689944361,0.498328602,0.537319569,0.653155165
Sierra Leone,SLE,2024,0.460586414,0.182926328,0.3858867,0.400896971
Sierra Leone,SLE,2024,0.274565691,0.100914185,0.226004896,0.244164919
South Africa,ZAF,2024,0.848469759,0.81914839,0.367119158,0.73571264
South Africa,ZAF,2024,0.742156415,0.719669171,0.221728993,0.569657038
Tajikistan,TJK,2024,0.575514616,0.545489262,0.197862023,0.34294567
Tajikistan,TJK,2024,0.499650557,0.493580508,0.063852793,0.182871462
Tanzania,TZA,2024,0.657966604,0.262168377,0.589381842,0.613877739
Tanzania,TZA,2024,0.50851909,0.155194913,0.437053469,0.454835549
Thailand,THA,2024,0.922500729,0.91976095,0.511292294,0.756971575
Thailand,THA,2024,0.91185615,0.898296238,0.27461158,0.595042341
Togo,TGO,2024,0.665981569,0.387147694,0.575935218,0.603158733
Togo,TGO,2024,0.436513631,0.230097909,0.33553918,0.37801935
Turkiye,TUR,2024,0.855567256,0.854795714,0.290980408,0.730991301
Turkiye,TUR,2024,0.755367583,0.755367583,0.146382925,0.518063288
Uganda,UGA,2024,0.767587317,0.280636426,0.727589803,0.741504589
Uganda,UGA,2024,0.668868869,0.233169507,0.601517724,0.625983463
"Venezuela, RB",VEN,2024,0.892479408,0.88172454,0.40487902,0.860486504
"Venezuela, RB",VEN,2024,0.844291999,0.836816758,0.236346634,0.739130563908103
Viet Nam,VNM,2024,0.85486253,0.846259492,0.496406088,0.794864227
Viet Nam,VNM,2024,0.481091971,0.476586702,0.223192959,0.375806228
Zambia,ZMB,2024,0.81948049,0.295799843,0.794271842,0.807080579
Zambia,ZMB,2024,0.587956699,0.157881312,0.540941748,0.545602562
Zimbabwe,ZWE,2024,0.570495586,0.285199224,0.4941243,0.536170543
Zimbabwe,ZWE,2024,0.382144157,0.111214114,0.341983782,0.35918052
Argentina,ARG,2024,0.810976343,0.751253701,0.521534409,0.687142219
Argentina,ARG,2024,0.843725876,0.6384922,0.753811424,0.818496987
Armenia,ARM,2024,0.725797321,0.720474835,0.169581337,0.467786861
Armenia,ARM,2024,0.636788282,0.608742062,0.199254656,0.473958232
Bangladesh,BGD,2024,0.449473909,0.380018473,0.188651204,0.210464806
Bangladesh,BGD,2024,0.387281503,0.191059586,0.259810624,0.277353493
Belize,BLZ,2024,0.716038758,0.712797334,0.122385259,0.456594209
Belize,BLZ,2024,0.580107066,0.56416858,0.175768975,0.359200066
Benin,BEN,2024,0.573960952,0.240209831,0.480818866,0.519743693
Benin,BEN,2024,0.420188871,0.126261551,0.391953427,0.400284775
Bolivia,BOL,2024,0.579699446,0.556698471,0.175927823,0.322061176
Bolivia,BOL,2024,0.53823846,0.475995711,0.264152665,0.377150245
Botswana,BWA,2024,0.642385837,0.448551077,0.529654665,0.585056378
Botswana,BWA,2024,0.522769665,0.309684468,0.472085297,0.48705283
Brazil,BRA,2024,0.868281158,0.862584314,0.541827959,0.687756064
Brazil,BRA,2024,0.843933437,0.825231648,0.758853634,0.800298854
Burkina Faso,BFA,2024,0.535592523,0.224354377,0.459176772,0.469498878
Burkina Faso,BFA,2024,0.472708872,0.168733684,0.407250264,0.409996194
Cambodia,KHM,2024,0.385520971,0.368916019,0.146257928,0.301012853
Cambodia,KHM,2024,0.405397345,0.384560028,0.240132019,0.389533705
Cameroon,CMR,2024,0.628688101,0.250706113,0.554323065,0.565690617
Cameroon,CMR,2024,0.571746316,0.134445755,0.543852309,0.556464503
Chad,TCD,2024,0.209963435,0.160059501,0.122282109,0.153969781
Chad,TCD,2024,0.207374442,0.133534774,0.151550129,0.16765485
Colombia,COL,2024,0.557707913,0.427606073,0.366019515,0.432841998
Colombia,COL,2024,0.622389272,0.458642881,0.493736911,0.569380645
Comoros,COM,2024,0.516069935,0.47231995,0.144415277423058,0.248276823
Comoros,COM,2024,0.324618637,0.273496136,0.133585753,0.195618373
"Congo, Dem. Rep.",COD,2024,0.437790428,0.174598167,0.385321321,0.395685988
"Congo, Dem. Rep.",COD,2024,0.316440897,0.069519181,0.294571811,0.297201
"Congo, Rep.",COG,2024,0.556570332,0.190373538,0.507257131,0.524003609
"Congo, Rep.",COG,2024,0.553898016,0.047927587,0.535843129,0.542743008
Cote d'Ivoire,CIV,2024,0.61711442,0.205620968,0.568215858,0.575305454
Cote d'Ivoire,CIV,2024,0.486274746,0.087630256,0.459605017,0.461865533
Dominican Republic,DOM,2024,0.700094574,0.687436418,0.183038647,0.43272542
Dominican Republic,DOM,2024,0.474303767,0.452145409,0.170607028,0.368014177
Ecuador,ECU,2024,0.657733737,0.650776316,0.093464961,0.352532856
Ecuador,ECU,2024,0.605153389,0.603927523,0.124079055,0.482790649
"Egypt, Arab Rep.",EGY,2024,0.470131694,0.420230446,0.128834236,0.286045858
"Egypt, Arab Rep.",EGY,2024,0.325398576,0.169732528,0.22992354,0.272430847
Eswatini,SWZ,2024,0.734298294,0.505900003,0.577097581,0.648962093
Eswatini,SWZ,2024,0.440752171,0.242698687,0.319246797,0.355691484
Gabon,GAB,2024,0.712739464,0.302233235,0.629201755,0.650159323
Gabon,GAB,2024,0.620035953,0.140614041,0.590874907,0.593225486
"Gambia, The",GMB,2024,0.401781551,0.325941426,0.217873653,0.250941757
"Gambia, The",GMB,2024,0.347950047,0.27931556,0.145854042,0.188820416
Ghana,GHA,2024,0.817894024,0.458666856,0.784934501,0.796714723
Ghana,GHA,2024,0.799671595,0.22101891,0.777861122,0.783674398
Guinea,GIN,2024,0.3716843,0.175185382,0.275103747,0.305397843
Guinea,GIN,2024,0.336901211,0.156087019,0.222686103,0.265483579
Honduras,HND,2024,0.428835696,0.40226972,0.095671811,0.210249595
Honduras,HND,2024,0.411686514,0.365140906,0.14713021,0.282643793
India,IND,2024,0.911674455,0.909734022,0.207763998,0.285260675
India,IND,2024,0.833298882,0.824941758,0.292787212,0.37820198
Indonesia,IDN,2024,0.547250177,0.529377829,0.17093372,0.343807714
Indonesia,IDN,2024,0.619926628,0.504626426,0.393997695,0.479323215
"Iran, Islamic Rep.",IRN,2024,0.908758715,0.908758715,0.112714087,0.845336919
"Iran, Islamic Rep.",IRN,2024,0.9176576,0.9176576,0.200802749,0.873402671
Iraq,IRQ,2024,0.302429261,0.289001948,0.110602814,0.195857654
Iraq,IRQ,2024,0.299052578,0.26285441,0.143790667,0.187821333
Jordan,JOR,2024,0.553178017,0.499622383,0.215690356,0.335601462
Jordan,JOR,2024,0.292483474,0.194068306,0.186117605,0.215200748
Kazakhstan,KAZ,2024,0.910544065,0.885408015,0.500536415,0.809155516
Kazakhstan,KAZ,2024,0.682685954,0.638334013,0.432498239,0.642228461
Kenya,KEN,2024,0.902583549,0.479041936,0.871351486,0.89620002
Kenya,KEN,2024,0.898479264,0.405625122,0.882150854,0.889792189
Kyrgyz Republic,KGZ,2024,0.773597564,0.753280158,0.332284823,0.626274153
Kyrgyz Republic,KGZ,2024,0.552359148,0.520147333,0.237052418,0.473186656
Lao PDR,LAO,2024,0.40696207,0.404548771,0.120153971,0.282237103
Lao PDR,LAO,2024,0.302399256,0.293842455,0.114079002,0.249316961
Lesotho,LSO,2024,0.649069683,0.377722607,0.553099856,0.591997197
Lesotho,LSO,2024,0.531560954,0.228259867,0.488385229,0.493783679
Liberia,LBR,2024,0.535715586,0.140255581,0.490012342,0.497757715
Liberia,LBR,2024,0.497649483,0.136265598,0.448739869,0.457967198
Malawi,MWI,2024,0.519133941,0.134190971,0.49259073,0.493112207
Malawi,MWI,2024,0.477891538,0.10714331,0.442901899,0.448787451
Malaysia,MYS,2024,0.891171379,0.88778275,0.418252373,0.630299148
Malaysia,MYS,2024,0.870831219,0.811499524,0.54639889,0.749885778
Mali,MLI,2024,0.596893977,0.219201413,0.502182126,0.546964217
Mali,MLI,2024,0.458003633,0.121644671,0.450754846,0.453543553
Mauritius,MUS,2024,0.895622248,0.895622248,0.090615703,0.621373055
Mauritius,MUS,2024,0.897825431,0.892931228,0.155421684,0.683769162
Mexico,MEX,2024,0.554321327,0.549749686,0.104692947,0.354069764
Mexico,MEX,2024,0.446702388,0.43379887,0.103262265,0.309734506
Mongolia,MNG,2024,0.988850129,0.988850129,0.633394305,0.980594285
Mongolia,MNG,2024,0.958622875,0.955590816,0.667843652,0.888137798
Mozambique,MOZ,2024,0.570965845,0.283349844,0.463931683,0.511582479
Mozambique,MOZ,2024,0.499572795,0.197746827,0.446231982,0.472343769
Namibia,NAM,2024,0.786315751,0.719020957,0.500073847,0.707183786
Namibia,NAM,2024,0.591272853,0.404763593,0.446812451,0.549340509
Nepal,NPL,2024,0.673720985,0.671925081,0.073076439,0.151265823
Nepal,NPL,2024,0.391164573,0.301862983,0.198479278,0.246779829
Nigeria,NGA,2024,0.736886247,0.696313244,0.363824022,0.610316392
Nigeria,NGA,2024,0.444306589,0.418426847,0.263045639,0.388999871
Pakistan,PAK,2024,0.285427199,0.211593731,0.182703973,0.201544076
Pakistan,PAK,2024,0.243424902,0.114628905,0.185650775,0.191233524
Panama,PAN,2024,0.658787018,0.633647321,0.36610663,0.491828392
Panama,PAN,2024,0.575227278,0.516669928,0.433699337,0.483757286
Paraguay,PRY,2024,0.65079302,0.508153407,0.365891925,0.485327038
Paraguay,PRY,2024,0.472972593,0.283105137,0.338516895,0.431086186
Peru,PER,2024,0.609900311,0.53848169,0.411898343,0.475353886
Peru,PER,2024,0.52985689,0.346787819,0.474189229,0.49496543
Philippines,PHL,2024,0.481663078,0.377831632,0.212478888,0.262929475
Philippines,PHL,2024,0.551122807,0.231498436,0.472666338,0.485303273
Saudi Arabia,SAU,2024,0.823060142,0.811984045,0.378852373,0.780506114
Saudi Arabia,SAU,2024,0.648997344,0.648997344,0.309328521,0.608884166
Senegal,SEN,2024,0.827972701,0.531368631,0.732628322,0.804598666
Senegal,SEN,2024,0.632600737,0.374510127,0.536829656,0.591957109
Sierra Leone,SLE,2024,0.398267675,0.169175034,0.325941177,0.339470661
Sierra Leone,SLE,2024,0.364963362,0.116601354,0.314941628,0.33603685
South Africa,ZAF,2024,0.857841304,0.834676936,0.335288187,0.712074904
South Africa,ZAF,2024,0.666012889,0.627343706,0.256812746,0.570072557
Tajikistan,TJK,2024,0.637446312,0.624216543,0.162653536,0.321261833
Tajikistan,TJK,2024,0.297660846,0.257833561,0.095061351,0.165485765
Tanzania,TZA,2024,0.63090052,0.250943973,0.550279834,0.577660049
Tanzania,TZA,2024,0.531513813,0.154978357,0.484053044,0.494477776
Thailand,THA,2024,0.926185771,0.925316513,0.373549837,0.66919457
Thailand,THA,2024,0.881285982,0.845386422,0.61810101,0.799948609
Togo,TGO,2024,0.611008581,0.383845494,0.494553553,0.536570882
Togo,TGO,2024,0.490469009,0.188554406,0.446457493,0.459883271
Turkiye,TUR,2024,0.855706061,0.855128626,0.235295816,0.666549358
Turkiye,TUR,2024,0.652395251,0.652395251,0.224813664,0.562233512
Uganda,UGA,2024,0.769347109,0.328817601,0.709263706,0.729683623
Uganda,UGA,2024,0.667441953,0.162377747,0.630165877,0.644871116
"Venezuela, RB",VEN,2024,0.903803014,0.897369645,0.343047155,0.845792323
"Venezuela, RB",VEN,2024,0.7639221,0.743745235,0.317233169,0.690927944
Viet Nam,VNM,2024,0.701939598,0.696939358,0.358770913,0.60894158
Viet Nam,VNM,2024,0.721566679,0.705755011,0.51533893,0.710551196
Zambia,ZMB,2024,0.796105946,0.298350603,0.757737855,0.771095343
Zambia,ZMB,2024,0.615157676,0.1474064,0.588449192,0.591846582
Zimbabwe,ZWE,2024,0.546643548,0.270889484,0.464312913,0.507094492
Zimbabwe,ZWE,2024,0.382340721,0.094444905,0.365287049,0.373988962
Argentina,ARG,2024,0.76653411,0.716504108,0.493645815,0.632303527
Argentina,ARG,2024,0.842549103,0.735147634,0.603766815,0.75291243
Armenia,ARM,2024,0.712492177,0.707596582,0.1454593,0.469594177
Armenia,ARM,2024,0.71520665,0.702650956,0.206940932,0.46747302
Bangladesh,BGD,2024,0.444714354,0.327370547,0.21903702,0.245882067
Bangladesh,BGD,2024,0.417634363,0.332178716,0.19314591,0.205911857
Belize,BLZ,2024,0.666719355,0.66208454,0.12794104,0.427675808
Belize,BLZ,2024,0.743023577,0.726600462,0.179285243,0.444564263
Benin,BEN,2024,0.511172832,0.195038676,0.443153737,0.464480998
Benin,BEN,2024,0.534367978,0.207893547,0.460966635,0.503222563
Bolivia,BOL,2024,0.490134233,0.45592536,0.14432211,0.233106519
Bolivia,BOL,2024,0.639133239,0.606063284,0.249777123,0.430579302
Botswana,BWA,2024,0.606190989,0.400505846,0.51207641,0.549473458
Botswana,BWA,2024,0.635417354,0.455927809,0.526707058,0.594563415
Brazil,BRA,2024,0.854248783,0.84320602,0.49772362,0.628831851
Brazil,BRA,2024,0.87090982,0.865021774,0.643971642,0.767484633
Burkina Faso,BFA,2024,0.471039249,0.16236978,0.398802952,0.407039449
Burkina Faso,BFA,2024,0.675258779,0.366086136,0.600826224,0.606782634
Cambodia,KHM,2024,0.34038205,0.321268427,0.13900793,0.277180298
Cambodia,KHM,2024,0.652417728,0.642602735,0.325789293,0.55952109
Cameroon,CMR,2024,0.492609974,0.145043911,0.437101854,0.44446547
Cameroon,CMR,2024,0.733024409,0.279463668,0.672184824,0.688740393
Chad,TCD,2024,0.19330905,0.14258575,0.124152435,0.145834016
Chad,TCD,2024,0.336991074,0.210740632,0.208544647,0.267887445
Colombia,COL,2024,0.515262555,0.380214142,0.342890906,0.382684655
Colombia,COL,2024,0.604875049,0.466981637,0.421559219,0.507973264
Comoros,COM,2024,0.457919737,0.411278424,0.148931986,0.244466488
Comoros,COM,2024,0.438257942,0.394714355,0.101671004,0.16702828
"Congo, Dem. Rep.",COD,2024,0.298592759,0.102263027,0.25244587,0.25962539
"Congo, Dem. Rep.",COD,2024,0.477201308,0.164898303,0.440962007,0.448666863
"Congo, Rep.",COG,2024,0.466698773,0.118343819,0.438586689,0.444755603
"Congo, Rep.",COG,2024,0.6312252,0.171650809,0.581449212,0.601645268
Cote d'Ivoire,CIV,2024,0.51429008,0.141141636,0.474610638,0.477668277
Cote d'Ivoire,CIV,2024,0.694780481,0.220853333,0.648694128,0.659109854
Dominican Republic,DOM,2024,0.655086458,0.632327617,0.173169561,0.373572022
Dominican Republic,DOM,2024,0.643933991,0.633232264,0.183836515,0.440973892
Ecuador,ECU,2024,0.62558797,0.624963982,0.066387054,0.323428915
Ecuador,ECU,2024,0.662579741,0.65254621,0.131881635,0.438448263
"Egypt, Arab Rep.",EGY,2024,0.392926547,0.327539325,0.1248283025078589,0.237255676
"Egypt, Arab Rep.",EGY,2024,0.452961043,0.367129172,0.173920401,0.308153706
Eswatini,SWZ,2024,0.651160267,0.431356222,0.504069176,0.565902098
Gabon,GAB,2024,0.64920314,0.237947384,0.566486373,0.582415145
Gabon,GAB,2024,0.711712748,0.257821856,0.662196445,0.675865748
"Gambia, The",GMB,2024,0.314046159,0.272405798,0.10953626,0.134387945
"Gambia, The",GMB,2024,0.453182659,0.346673261,0.277063746,0.326474652
Ghana,GHA,2024,0.764097163,0.338227096,0.739451926,0.740922927
Ghana,GHA,2024,0.870072746,0.446068256,0.834527213,0.854679478
Guinea,GIN,2024,0.296340776,0.141411864,0.210039022,0.240452798
Guinea,GIN,2024,0.514517665,0.235369884,0.373929421,0.417636001
Honduras,HND,2024,0.372737884,0.352400868,0.085403352,0.166943973
Honduras,HND,2024,0.497313261,0.449593882,0.142011483,0.316133272
India,IND,2024,0.898835556,0.898835556,0.190762136,0.273652547
India,IND,2024,0.871506504,0.859748427,0.318842566,0.391456432
Indonesia,IDN,2024,0.560297534,0.523423367,0.202215571,0.361561381
Indonesia,IDN,2024,0.566660992,0.524481542,0.240455438,0.387462546
"Iran, Islamic Rep.",IRN,2024,0.907467788,0.907467788,0.124009272,0.85845953
"Iran, Islamic Rep.",IRN,2024,0.913888242,0.913888242,0.138375107,0.843576828
Iraq,IRQ,2024,0.26401928,0.243675554,0.070547258,0.148832617
Iraq,IRQ,2024,0.327835462,0.309860226,0.1522079,0.225355992
Jordan,JOR,2024,0.467753788,0.400570045,0.193215938,0.273011848
Jordan,JOR,2024,0.463169457,0.393652576,0.211121774,0.304242075
Kazakhstan,KAZ,2024,0.84710721,0.830343301,0.478497575,0.724036335
Kazakhstan,KAZ,2024,0.896065233,0.854695222,0.499601057,0.840830127
Kenya,KEN,2024,0.887419602,0.43823454,0.857077645,0.878266789
Kenya,KEN,2024,0.95072432,0.511941822,0.939387672,0.95072432
Kyrgyz Republic,KGZ,2024,0.712723711,0.692624302,0.283979131,0.567057588
Kyrgyz Republic,KGZ,2024,0.753761843,0.721425905,0.393092178,0.666181982
Lao PDR,LAO,2024,0.364158642,0.359758744,0.114132183,0.25786176
Lao PDR,LAO,2024,0.639923791,0.639923791,0.209129202501823,0.588185937
Lesotho,LSO,2024,0.603040644,0.323642298,0.524873385,0.5565034
Lesotho,LSO,2024,0.705238597,0.417612117,0.60436488,0.61790561
Liberia,LBR,2024,0.463700623,0.141643235,0.415262556,0.427993932
Liberia,LBR,2024,0.619014438,0.134173233,0.574805531,0.575690209
Malawi,MWI,2024,0.490076608,0.120663537,0.460966944,0.463414482
Malawi,MWI,2024,0.626391125,0.154725598,0.591325684,0.594591255
Malaysia,MYS,2024,0.876601404,0.856351154,0.391709215,0.622691771
Malaysia,MYS,2024,0.89588584,0.885287086,0.491415796,0.683656505
Mali,MLI,2024,0.524777238,0.15830133,0.451741966,0.48736107
Mali,MLI,2024,0.616737149,0.264439442,0.58204948,0.594210183
Mauritius,MUS,2024,0.895294265,0.894013267,0.097632918,0.627729605
Mauritius,MUS,2024,0.897150485,0.897150485,0.10741605,0.63822393
Mexico,MEX,2024,0.471002117,0.467300742,0.073268792,0.239824103
Mexico,MEX,2024,0.572480244,0.564111341,0.126481114,0.418352649
Mongolia,MNG,2024,0.987882881,0.987882881,0.587046034,0.960516066
Mongolia,MNG,2024,0.976461532,0.975098412,0.70641349,0.963951683
Mozambique,MOZ,2024,0.481502728,0.210846359,0.394524971,0.431850504
Mozambique,MOZ,2024,0.76958777,0.395636144,0.684156667,0.731394819
Namibia,NAM,2024,0.705024767,0.586031872,0.460069794,0.632825654
Namibia,NAM,2024,0.825236445,0.789725775,0.581479867,0.772753059
Nepal,NPL,2024,0.595585426,0.572018497,0.079677034,0.148150599
Nepal,NPL,2024,0.620085377,0.590359958,0.227826161,0.307107402
Nigeria,NGA,2024,0.557511939,0.520256961,0.284918479,0.475421982
Nigeria,NGA,2024,0.716348619,0.683151231,0.3758385,0.593900265
Pakistan,PAK,2024,0.210630904,0.121589085,0.139849127,0.148951413646236
Pakistan,PAK,2024,0.329357547,0.238209682,0.223146544,0.243302131
Panama,PAN,2024,0.558745139,0.53091912,0.264968437,0.371592745
Panama,PAN,2024,0.738638027,0.701082205,0.517858591,0.630933686
Paraguay,PRY,2024,0.575761747,0.41957784,0.34776391,0.436489875
Paraguay,PRY,2024,0.658082988,0.508032367,0.376644927,0.525549021
Peru,PER,2024,0.556652117,0.482538655,0.344909702,0.396695096
Peru,PER,2024,0.623240615,0.511233492,0.491186206,0.547925769
Philippines,PHL,2024,0.464553947,0.326049638,0.21018746,0.252419757
Philippines,PHL,2024,0.56572578,0.351316138,0.421413108,0.456160397
Saudi Arabia,SAU,2024,0.767604121,0.767604121,0.334558761,0.723163403
Saudi Arabia,SAU,2024,0.790898798,0.780966215,0.368655921,0.74911454
Senegal,SEN,2024,0.734375029,0.463685024,0.617530232,0.696975255
Senegal,SEN,2024,0.797443358,0.498752472,0.725159563156414,0.777617702
Sierra Leone,SLE,2024,0.302343703,0.102217029,0.261503947,0.273210245
Sierra Leone,SLE,2024,0.540102669,0.238066598,0.43289744,0.457541651
South Africa,ZAF,2024,0.776958579,0.752473037,0.268744682,0.646930493
South Africa,ZAF,2024,0.845047839,0.815711129,0.363009272,0.707796042
Tajikistan,TJK,2024,0.554681524,0.538921814,0.143650619,0.271070547
Tajikistan,TJK,2024,0.522499238,0.490826565,0.145860435,0.297859483
Tanzania,TZA,2024,0.558853723,0.187368014,0.490017662,0.514242614
Tanzania,TZA,2024,0.770311975,0.359412392,0.696651749,0.707945931
Thailand,THA,2024,0.923216671,0.914816224,0.367459375,0.676353266
Thailand,THA,2024,0.90716247,0.903092114,0.526856767,0.727913872
Togo,TGO,2024,0.528711175,0.25474071,0.462269939,0.486054845
Togo,TGO,2024,0.657371172,0.451261853,0.512044815,0.562714157
Turkiye,TUR,2024,0.750732612,0.750732612,0.150426367,0.51732828
Turkiye,TUR,2024,0.846008422,0.845327257,0.272141864,0.706394494
Uganda,UGA,2024,0.70927073,0.253658195,0.656703004,0.677239343
Uganda,UGA,2024,0.857484234,0.316639221,0.817995614,0.819659191
"Venezuela, RB",VEN,2024,0.834452814,0.82880201,0.335635814,0.76505649
"Venezuela, RB",VEN,2024,0.936273698,0.925060583,0.357802323,0.871393188
Viet Nam,VNM,2024,0.673680342,0.664564467,0.361929139,0.592974343
Viet Nam,VNM,2024,0.770134521,0.767535149,0.438613496,0.697342175
Zambia,ZMB,2024,0.694654727,0.205117235,0.66893159,0.675708468
Zambia,ZMB,2024,0.771773541,0.289948,0.726529558,0.739925085
Zimbabwe,ZWE,2024,0.440948466,0.179048109,0.393866302,0.421475138
Zimbabwe,ZWE,2024,0.645784236,0.317247421,0.542776456,0.587392121
Argentina,ARG,2024,0.71270525,0.628094819,0.380175259,0.557659204
Argentina,ARG,2024,0.878591044,0.787895433,0.676699978,0.803814469
Armenia,ARM,2024,0.641156895,0.640128992,0.095462894,0.378535149
Armenia,ARM,2024,0.792587314,0.776173629,0.25849809,0.566499864
Bangladesh,BGD,2024,0.346983767,0.247547099,0.172702328,0.191820096
Bangladesh,BGD,2024,0.584936777,0.474624241,0.269654575,0.293078121
Belize,BLZ,2024,0.603371374,0.58811159,0.061915933,0.302750789
Belize,BLZ,2024,0.72075666,0.718760273,0.176896756,0.499330759
Benin,BEN,2024,0.383279511,0.086317009,0.355371375,0.364545747
Benin,BEN,2024,0.568359972,0.240711831,0.483216417,0.518002748
Bolivia,BOL,2024,0.43736054,0.4080703,0.104013643,0.205782517
Bolivia,BOL,2024,0.610771549,0.575768791,0.230657572,0.379248969
Botswana,BWA,2024,0.490545995,0.298487557,0.392697807,0.444459667
Botswana,BWA,2024,0.788477542,0.581304192,0.689767246,0.727514218
Brazil,BRA,2024,0.776152067,0.767856478,0.348041236,0.53908708
Brazil,BRA,2024,0.91785978,0.909906092,0.725711332,0.812816702
Burkina Faso,BFA,2024,0.409499687,0.222724663,0.295872679,0.306105602
Burkina Faso,BFA,2024,0.555477789,0.198724887,0.498870573,0.505649425
Cambodia,KHM,2024,0.292571991,0.268032429,0.103969747,0.229988483
Cambodia,KHM,2024,0.42581644,0.410702071,0.192479799,0.355912358
Cameroon,CMR,2024,0.424814417,0.118880245,0.378443093,0.384371319
Cameroon,CMR,2024,0.690176059,0.250307293,0.626906768,0.641311921
Chad,TCD,2024,0.106739431,0.064149711,0.065290702,0.079861374
Chad,TCD,2024,0.25403966,0.187861857,0.163354659,0.19408886
Colombia,COL,2024,0.403367888,0.293293755,0.226322851,0.270526576
Colombia,COL,2024,0.667514622,0.515217064,0.487177403,0.569885174
Comoros,COM,2024,0.332710361,0.296846708,0.074463608,0.147186308
Comoros,COM,2024,0.542191304,0.48870468,0.18871268,0.291868976
"Congo, Dem. Rep.",COD,2024,0.236631236,0.04408094,0.224193575,0.236631236
"Congo, Dem. Rep.",COD,2024,0.442585041,0.1645838,0.3923758,0.398214054
"Congo, Rep.",COG,2024,0.471501994,0.096319994,0.438099907,0.443222806
"Congo, Rep.",COG,2024,0.62868556,0.191236388,0.583275055,0.604514338
Cote d'Ivoire,CIV,2024,0.477154454,0.137143216,0.411525689,0.425184728
Cote d'Ivoire,CIV,2024,0.613401334,0.180164171,0.58064475,0.583103791
Dominican Republic,DOM,2024,0.473542294,0.445545868,0.092639763,0.219836866
Dominican Republic,DOM,2024,0.752296568,0.745317591,0.2326566,0.536440227
Ecuador,ECU,2024,0.493353698,0.489710506,0.034154493,0.254915826
Ecuador,ECU,2024,0.702990746,0.696677853,0.12632135,0.433231297
"Egypt, Arab Rep.",EGY,2024,0.410622666,0.33527936,0.109893637,0.243303442
"Egypt, Arab Rep.",EGY,2024,0.45595463,0.373858445,0.211950391,0.329658963
Eswatini,SWZ,2024,0.544840423,0.306328797,0.429993296,0.472117866
Eswatini,SWZ,2024,0.758590758,0.557689716,0.578918872,0.660666024
Gabon,GAB,2024,0.585458367,0.196938666,0.51762635,0.535666669
Gabon,GAB,2024,0.75922839,0.289593904,0.695787695,0.707894219
"Gambia, The",GMB,2024,0.310160801,0.263282407,0.133009992,0.169580283
"Gambia, The",GMB,2024,0.489029598,0.376406148,0.277899652,0.314988246
Ghana,GHA,2024,0.671876049,0.123306501,0.639920598,0.656263333
Ghana,GHA,2024,0.869898021,0.495394273,0.841237672,0.848631817
Guinea,GIN,2024,0.286714835,0.120991362,0.202237966,0.204859533
Guinea,GIN,2024,0.390381981,0.188508079,0.280912166,0.328083748
Honduras,HND,2024,0.299703531,0.268715805,0.042486041,0.128386733
Honduras,HND,2024,0.51604608,0.483824332,0.157670816,0.302642905
India,IND,2024,0.85547725,0.853476968,0.14581001,0.209729835
India,IND,2024,0.913671331,0.908835336,0.288399995,0.378665404
Indonesia,IDN,2024,0.472826535,0.436237505,0.167338244,0.282330797
Indonesia,IDN,2024,0.621964745,0.580807857,0.254380277,0.432972752
"Iran, Islamic Rep.",IRN,2024,0.881629773,0.881629773,0.09697449,0.805327373
"Iran, Islamic Rep.",IRN,2024,0.942854008,0.942854008,0.168942112,0.902187436
Iraq,IRQ,2024,0.190801703,0.181906078,0.051755887,0.108600485
Iraq,IRQ,2024,0.463332288,0.429711817,0.216279391,0.318414154
Jordan,JOR,2024,0.388876245,0.327906118,0.143950479,0.223479734
Jordan,JOR,2024,0.644699371,0.557259191,0.352431865,0.464105033
Kazakhstan,KAZ,2024,0.758748403,0.720323746,0.274302494,0.601070347
Kazakhstan,KAZ,2024,0.938776204,0.916318844,0.619530068,0.889047809
Kenya,KEN,2024,0.804034312,0.295119029,0.794726914,0.79879653
Kenya,KEN,2024,0.936576126,0.512227118,0.90421876,0.928715559
Kyrgyz Republic,KGZ,2024,0.598963813,0.590313673,0.140734141,0.408916098
Kyrgyz Republic,KGZ,2024,0.812960813,0.779383119,0.434216831,0.723996514
Lao PDR,LAO,2024,0.305329157,0.305329157,0.172866302,0.22446727
Lao PDR,LAO,2024,0.378866792,0.374524185,0.116574031,0.274248014
Lesotho,LSO,2024,0.509115154,0.223776507,0.445884941,0.463678414
Lesotho,LSO,2024,0.813129262,0.54182332,0.699269516,0.750129427
Liberia,LBR,2024,0.493300625,0.11389751,0.451572204,0.459876839
Liberia,LBR,2024,0.53045991,0.146026846,0.482136357,0.490401403
Malawi,MWI,2024,0.372885823,0.082228824,0.346583385,0.347318129
Malawi,MWI,2024,0.608191281,0.157488072,0.575768698,0.57973148
Malaysia,MYS,2024,0.834402894,0.802904249,0.277462047,0.500611505
Malaysia,MYS,2024,0.920870411,0.916393999,0.553398873,0.755320235
Mali,MLI,2024,0.388258913,0.085435593,0.365130572,0.377719956
Mali,MLI,2024,0.595751366,0.214521761,0.519900978,0.554966875
Mauritius,MUS,2024,0.839392801,0.837144272,0.049064996,0.439795658
Mauritius,MUS,2024,0.927523447,0.927523447,0.130365286,0.738543533
Mexico,MEX,2024,0.428220741,0.424614963,0.025107399,0.189284017
Mexico,MEX,2024,0.590697404,0.582597686,0.151247875,0.43578107
Mongolia,MNG,2024,0.971833928,0.970134287,0.532531738,0.931365049
Mongolia,MNG,2024,0.988890314,0.988890314,0.700357647,0.9791467
Mozambique,MOZ,2024,0.428290806,0.168494151,0.345933752,0.381252829
Mozambique,MOZ,2024,0.673591482,0.343288339,0.582136726,0.626268811
Namibia,NAM,2024,0.590853663,0.458452185,0.321913712,0.497446613
Namibia,NAM,2024,0.903554001,0.839393408,0.689375958,0.867045002
Nepal,NPL,2024,0.536811421,0.511357406,0.081473149,0.137269354
Nepal,NPL,2024,0.65965286,0.635755762,0.128899129,0.213090265
Nigeria,NGA,2024,0.427417016,0.405587775,0.17577788,0.331724267
Nigeria,NGA,2024,0.710797232,0.67031427,0.38587177,0.607537092
Pakistan,PAK,2024,0.139100746,0.09200135,0.071783391,0.083559933
Pakistan,PAK,2024,0.42733978,0.287545086,0.312511898,0.331025056
Panama,PAN,2024,0.506679346,0.465535618,0.266632893,0.352478606
Panama,PAN,2024,0.730438845,0.704078917,0.456443138,0.581827917
Paraguay,PRY,2024,0.506277806,0.340010951,0.251750351,0.321625964
Paraguay,PRY,2024,0.656531594,0.508623845,0.409077482,0.542142705
Peru,PER,2024,0.413152585,0.30068433,0.250233949,0.280369509
Peru,PER,2024,0.670795098,0.58354596,0.500421257,0.565436931
Philippines,PHL,2024,0.443261389,0.259231499,0.261223919,0.302436452
Philippines,PHL,2024,0.541186566,0.386524661,0.30599725,0.344304262
Saudi Arabia,SAU,2024,0.68111201,0.669644127766788,0.285585285,0.594307393
Saudi Arabia,SAU,2024,0.834230732,0.826468467,0.398931444,0.811267244
Senegal,SEN,2024,0.543073683,0.311990912,0.417617592,0.506439991
Senegal,SEN,2024,0.83617217,0.534928347,0.750371722,0.80967124
Sierra Leone,SLE,2024,0.319710564,0.117171569,0.249867988,0.264636656
Sierra Leone,SLE,2024,0.429331394,0.171511351,0.368711926,0.385955166
South Africa,ZAF,2024,0.762919836,0.745922989,0.219103153,0.603278586
South Africa,ZAF,2024,0.877809053,0.837205522,0.449949227,0.779900422
Tajikistan,TJK,2024,0.417833225,0.410463354,0.056864411,0.17498928
Tajikistan,TJK,2024,0.685783103,0.650892135,0.240821837,0.393747431
Tanzania,TZA,2024,0.491978956,0.150375845,0.423500587,0.43064123
Tanzania,TZA,2024,0.627364985,0.238342752,0.557285558,0.583115556
Thailand,THA,2024,0.879174331,0.858804824,0.364698832,0.584973923
Thailand,THA,2024,0.929299254,0.926001778,0.431499143,0.722655328
Togo,TGO,2024,0.517092879,0.245995653,0.418949625,0.444912011
Togo,TGO,2024,0.595141823,0.352936888,0.502087726,0.538079259
Turkiye,TUR,2024,0.69675475,0.695884109,0.08830023,0.438105959
Turkiye,TUR,2024,0.950700422,0.950700422,0.39811465,0.882412139
Uganda,UGA,2024,0.521507317,0.166920975,0.47047251,0.499494032
Uganda,UGA,2024,0.785317041,0.287890299,0.734465966,0.749574073
"Venezuela, RB",VEN,2024,0.848720491,0.848720491,0.238101326,0.786637452
"Venezuela, RB",VEN,2024,0.887919553,0.8727911,0.39720311,0.827106555
Viet Nam,VNM,2024,0.413092526,0.407279817,0.18196517,0.313176962
Viet Nam,VNM,2024,0.77886507,0.771610234,0.438727908,0.706244507
Zambia,ZMB,2024,0.638269418,0.17822412,0.597105318,0.612586092
Zambia,ZMB,2024,0.792091144,0.286542719,0.763487516,0.768698215
Zimbabwe,ZWE,2024,0.402784186,0.129698488,0.350562619,0.378942647
Zimbabwe,ZWE,2024,0.62101229,0.332654021,0.545943493,0.583140443
Argentina,ARG,2024,0.882990053,0.795422873,0.66335448,0.80779823
Argentina,ARG,2024,0.629313926,0.537310159,0.285592601,0.436463086
Armenia,ARM,2024,0.726496184,0.717289045,0.184559668,0.481195317
Armenia,ARM,2024,0.574522224,0.574522224,0.045719833,0.327887914
Bangladesh,BGD,2024,0.502705197,0.387212262,0.267364618,0.29194599
Bangladesh,BGD,2024,0.311710967,0.229111454,0.103796458,0.11775962
Belize,BLZ,2024,0.788154653,0.780313999,0.200835624,0.57873822
Belize,BLZ,2024,0.553456425,0.548224108,0.060530454,0.255361705
Benin,BEN,2024,0.659656198,0.283832293,0.590220495263792,0.607641114
Benin,BEN,2024,0.474267247,0.172551621,0.404479945,0.43562717
Bolivia,BOL,2024,0.667000735,0.626989423,0.279848304,0.451775482
Bolivia,BOL,2024,0.357767584,0.337891539,0.025298443,0.087361099
Botswana,BWA,2024,0.658584096,0.456653177,0.580460468,0.611856311
Botswana,BWA,2024,0.520096971,0.325197019,0.387072735,0.465829586
Brazil,BRA,2024,0.935431124,0.927482427,0.758197012,0.855265937
Brazil,BRA,2024,0.716929944,0.707989357,0.231807461,0.417017539
Burkina Faso,BFA,2024,0.749542623,0.375237305,0.669673664,0.676097258
Burkina Faso,BFA,2024,0.450746149,0.159664874,0.379980352,0.388093314
Cambodia,KHM,2024,0.62826234,0.611154426,0.327582989,0.601589811
Cambodia,KHM,2024,0.33577846,0.318034157,0.132527228,0.258363571
Cameroon,CMR,2024,0.772659313,0.260060155,0.735205207,0.744050693
Cameroon,CMR,2024,0.44569891,0.154163041,0.367041117,0.381948568
Chad,TCD,2024,0.419832615,0.305229082,0.259721903,0.308840673
Chad,TCD,2024,0.183470322,0.1315979,0.117900659,0.140935982
Colombia,COL,2024,0.645053111,0.499563912,0.478820537,0.555667679
Colombia,COL,2024,0.362169125,0.249585254,0.146592539,0.192037449
Comoros,COM,2024,0.484504867,0.433225715,0.166152841,0.253930832
Comoros,COM,2024,0.428157348,0.387691147,0.123952346,0.209965863
"Congo, Dem. Rep.",COD,2024,0.468452968,0.158326385,0.434228815,0.440607362
"Congo, Dem. Rep.",COD,2024,0.202990089,0.077421719,0.145342438,0.155464392
"Congo, Rep.",COG,2024,0.663434229,0.169075512,0.622119602,0.63633679
"Congo, Rep.",COG,2024,0.415459904,0.119381158,0.377356102,0.390589864
Cote d'Ivoire,CIV,2024,0.750371895,0.268300421,0.720093297,0.725572773
Cote d'Ivoire,CIV,2024,0.494886789,0.12328341,0.447629707,0.453244159
Dominican Republic,DOM,2024,0.734886801,0.72661645,0.229944089,0.524354432
Dominican Republic,DOM,2024,0.496430093,0.468046826,0.085348152,0.222699539
Ecuador,ECU,2024,0.72077356,0.714727572,0.142627782,0.507116951
Ecuador,ECU,2024,0.500900332,0.496173955,0.02032068,0.147699769
"Egypt, Arab Rep.",EGY,2024,0.483168076,0.373875154,0.257098838,0.371798435
"Egypt, Arab Rep.",EGY,2024,0.384657752,0.333853584,0.065834697,0.202506324
Eswatini,SWZ,2024,0.699289638,0.484874716,0.564686153,0.62764532
Eswatini,SWZ,2024,0.596975069,0.367864285,0.432671049,0.493980523
Gabon,GAB,2024,0.782068812,0.298183135,0.724975907,0.737372916
Gabon,GAB,2024,0.581118867,0.194779705,0.506220229,0.523696706
"Gambia, The",GMB,2024,0.550348962,0.431770159,0.312197862,0.364261285
"Gambia, The",GMB,2024,0.264340297,0.222735393,0.106650773,0.132937883
Ghana,GHA,2024,0.89360308,0.485752606,0.868977178,0.879220657
Ghana,GHA,2024,0.678809901,0.225481507,0.645920901,0.655583348
Guinea,GIN,2024,0.634669777,0.269731415,0.575694215,0.594627428
Guinea,GIN,2024,0.291834303,0.143822911,0.178736564,0.216910774
Honduras,HND,2024,0.614884162,0.568202379,0.175431236,0.416838243
Honduras,HND,2024,0.325856754,0.307570617,0.069991021,0.128830709
India,IND,2024,0.931356958,0.927445958,0.495372067,0.580098829
India,IND,2024,0.870775161,0.867183038,0.105779009,0.183040842
Indonesia,IDN,2024,0.683276707,0.626772918,0.314061486,0.491836497
Indonesia,IDN,2024,0.376382056,0.363802653,0.073412114,0.18934763
"Iran, Islamic Rep.",IRN,2024,0.941351573,0.941351573,0.157155686,0.902722919
"Iran, Islamic Rep.",IRN,2024,0.83554919,0.83554919,0.067274315,0.725314208
Iraq,IRQ,2024,0.422564667,0.386545508,0.208469014,0.310791874
Iraq,IRQ,2024,0.198681619,0.193504271,0.041236671,0.094056656
Jordan,JOR,2024,0.484374629,0.408170267,0.227949682,0.327522075
Jordan,JOR,2024,0.378853729,0.335915003,0.116684438,0.168605456
Kazakhstan,KAZ,2024,0.912365697,0.896609304,0.518289347,0.821500815
Kazakhstan,KAZ,2024,0.580864653,0.460862637,0.279767184,0.486885594
Kenya,KEN,2024,0.942597629,0.510502327,0.917820763,0.939981711
Kenya,KEN,2024,0.816639771,0.33862534,0.787472556,0.800203851
Kyrgyz Republic,KGZ,2024,0.758871883,0.735171337,0.333918534,0.62968283
Kyrgyz Republic,KGZ,2024,0.504794589,0.485607908,0.168640178,0.358508034
Lao PDR,LAO,2024,0.62237431,0.62237431,0.257874494,0.532360785
Lao PDR,LAO,2024,0.273433719,0.267459549,0.059827049,0.163666751
Lesotho,LSO,2024,0.690843175,0.399929969,0.60908799,0.636079245
Lesotho,LSO,2024,0.56353745,0.280206464,0.477325699,0.510678671
Liberia,LBR,2024,0.729690483,0.204007459,0.692718865,0.694816394
Liberia,LBR,2024,0.420683476,0.107220211,0.368988877,0.380276872
Malawi,MWI,2024,0.72106605,0.219897711,0.694195824,0.695514236
Malawi,MWI,2024,0.433106836,0.092742729,0.402406271,0.405339846
Malaysia,MYS,2024,0.924534293,0.906480605,0.526814621,0.762973582
Malaysia,MYS,2024,0.744397137,0.740450216,0.128672391,0.242617546
Mali,MLI,2024,0.777268667,0.301922716,0.737335589,0.758253543
Mali,MLI,2024,0.487312465,0.151643534,0.420824886,0.453104214
Mauritius,MUS,2024,0.934463123,0.933086293,0.15862527,0.777356598
Mauritius,MUS,2024,0.840962831,0.840962831,0.020852678,0.422266417
Mexico,MEX,2024,0.608992292,0.604105491,0.132235959,0.435840509
Mexico,MEX,2024,0.352367922,0.342242341,0.040330882,0.133509611
Mongolia,MNG,2024,0.994898964,0.994898964,0.692531887,0.984624912
Mongolia,MNG,2024,0.951893884,0.949736012,0.505345549,0.904430098
Mozambique,MOZ,2024,0.817655695,0.481285211,0.761259656,0.795443079
Mozambique,MOZ,2024,0.456654823,0.178005015,0.359192513,0.400846753
Namibia,NAM,2024,0.778438201,0.662138117,0.569629653,0.731997745
Namibia,NAM,2024,0.646481061,0.569531081,0.344870241,0.539842923
Nepal,NPL,2024,0.687669106,0.612427139,0.341180495,0.458195125
Nepal,NPL,2024,0.570633061,0.562856016,0.027317413,0.082141383
Nigeria,NGA,2024,0.796714034,0.78015353,0.4636638,0.714852355
Nigeria,NGA,2024,0.421862354,0.363562177,0.152755863,0.295763458
Pakistan,PAK,2024,0.466859996,0.335103378,0.376437454,0.406752553
Pakistan,PAK,2024,0.189106981,0.117771455,0.100074585,0.108394334
Panama,PAN,2024,0.703648329,0.666113425,0.470904887,0.582692483
Panama,PAN,2024,0.418878748,0.404752445,0.062888522,0.166006727
Paraguay,PRY,2024,0.698155485,0.528437004,0.459122826,0.612070945
Paraguay,PRY,2024,0.481488589,0.349703458,0.212396209,0.264677635
Peru,PER,2024,0.665090548,0.565819753,0.495334064,0.557187936
Peru,PER,2024,0.296369606,0.227425056,0.133413284,0.15842867
Philippines,PHL,2024,0.579031089,0.359376578,0.388456404,0.430090139
Philippines,PHL,2024,0.336218006,0.283837232,0.072524305,0.107368654
Saudi Arabia,SAU,2024,0.79316215,0.783945457,0.371786444,0.752233251
Saudi Arabia,SAU,2024,0.666383141,0.666383141,0.191082067,0.595064689
Senegal,SEN,2024,0.842715538,0.528260532,0.773198112,0.807360004
Senegal,SEN,2024,0.736146089,0.463121816,0.630333658,0.709579408
Sierra Leone,SLE,2024,0.59026395,0.252604799,0.501991927,0.533252815
Sierra Leone,SLE,2024,0.266591901,0.09006766,0.216426162,0.223908484
South Africa,ZAF,2024,0.856599222,0.828162113,0.355280035,0.759444389
South Africa,ZAF,2024,0.637209819,0.610148674,0.174147679,0.385485582083924
Tajikistan,TJK,2024,0.585541161,0.565786086,0.174170449,0.310553372
Tajikistan,TJK,2024,0.435802726,0.4133819,0.063497297,0.193980096
Tanzania,TZA,2024,0.781227104,0.340957601,0.73277539,0.758411232
Tanzania,TZA,2024,0.541501416,0.181732785,0.465161217,0.485789621
Thailand,THA,2024,0.939332708,0.938182507,0.66044348,0.88670905
Thailand,THA,2024,0.910017346,0.899915329,0.295029496,0.595178879
Togo,TGO,2024,0.725910239,0.456190584,0.640498168,0.6590772
Togo,TGO,2024,0.483004245,0.242568208,0.382326683,0.424761404
Turkiye,TUR,2024,0.847600121,0.847004831,0.272071786,0.753224549
Turkiye,TUR,2024,0.702950022,0.702950022,0.096772504,0.269107212
Uganda,UGA,2024,0.802038806,0.29696439,0.753167318,0.776784459
Uganda,UGA,2024,0.648079887,0.225617899,0.594751131,0.607102098
"Venezuela, RB",VEN,2024,0.905329126,0.900823016,0.379876677,0.864324536
"Venezuela, RB",VEN,2024,0.791494147,0.769587272,0.225601512,0.678795679
Viet Nam,VNM,2024,0.752195264,0.744765208,0.42209704,0.681404762
Viet Nam,VNM,2024,0.334836318,0.331469141,0.115213548,0.197524106
Zambia,ZMB,2024,0.842771295,0.308525586,0.823122571,0.831502794
Zambia,ZMB,2024,0.619882589,0.177962716,0.572758624,0.583400986
Zimbabwe,ZWE,2024,0.593619449,0.28048826,0.522832481,0.556726494
Zimbabwe,ZWE,2024,0.338236387,0.111635147,0.290422183,0.31982572
Developing economies,LMY,2024,0.754463783,0.713223553,0.183480079,0.542182304
Developing economies,LMY,2024,0.779199867,0.734577087,0.221211806,0.588757429
Developing economies,LMY,2024,0.729736033,0.691877213,0.145761062,0.495505869
Developing economies,LMY,2024,0.80273082,0.757519375,0.228875771,0.618072762
Developing economies,LMY,2024,0.681859783,0.646777602,0.114840537,0.427838357
Developing economies,LMY,2024,0.778743142,0.747737767,0.161917893,0.557583229
Developing economies,LMY,2024,0.666778548,0.588574998,0.261352208,0.487227634
Developing economies,LMY,2024,0.712707488,0.663232307,0.192114603,0.428725454
Developing economies,LMY,2024,0.788992982,0.753181991,0.187301234,0.639808865
Developing economies,LMY,2024,0.601839849,0.55559487,0.160072269,0.287407675
Developing economies,LMY,2024,0.755612802,0.686993031,0.336819974,0.493759256
Developing economies,LMY,2024,0.816875647,0.769656189,0.269959276,0.694551129
Developing economies,LMY,2024,0.690736528503406,0.655370996,0.096368802,0.39245331
East Asia & Pacific (excluding high income),EAP,2024,0.83343266,0.821925209,0.069058118,0.746202981017486
Europe & Central Asia (excluding high income),ECA,2024,0.778490635,0.775779213,0.106686028,0.61396154
Middle East & North Africa (excluding high income),MNA,2024,0.529089187,0.49974486,0.10709366,0.380234874
Sub-Saharan Africa (excluding high income),SSA,2024,0.581823875,0.378459833,0.399929245,0.48850699
Europe & Central Asia (excluding high income),ECA,2024,0.820695961,0.817650713,0.137390379,0.680327584
Europe & Central Asia (excluding high income),ECA,2024,0.739368697,0.736966713,0.078224839,0.551227537
Middle East & North Africa (excluding high income),MNA,2024,0.600897776,0.558503253,0.150286102,0.43953779
Middle East & North Africa (excluding high income),MNA,2024,0.456286016,0.440172637,0.063302984,0.320110584
Sub-Saharan Africa (excluding high income),SSA,2024,0.643609216,0.434888756,0.458386157,0.549424225
Sub-Saharan Africa (excluding high income),SSA,2024,0.522979999131369,0.324717367,0.344255339,0.430489892
Europe & Central Asia (excluding high income),ECA,2024,0.823266487,0.820339012,0.127349538,0.680285439
Europe & Central Asia (excluding high income),ECA,2024,0.711239633,0.708852711,0.07565051,0.514267502
Middle East & North Africa (excluding high income),MNA,2024,0.575725753,0.543909129,0.132885423,0.420932456
Middle East & North Africa (excluding high income),MNA,2024,0.459034387,0.433403805,0.068350741,0.319101278
Sub-Saharan Africa (excluding high income),SSA,2024,0.653784085,0.436426499,0.462592806,0.558948055
Sub-Saharan Africa (excluding high income),SSA,2024,0.471908831,0.290330404,0.303599733,0.380664653
Europe & Central Asia (excluding high income),ECA,2024,0.79726981,0.794942192,0.10396186,0.639220766
Europe & Central Asia (excluding high income),ECA,2024,0.678454599,0.673698666,0.12119758,0.495660669
Middle East & North Africa (excluding high income),MNA,2024,0.565468948,0.546194447,0.093209227,0.393268403
Middle East & North Africa (excluding high income),MNA,2024,0.41812995,0.35807239,0.14944155,0.340482264
Sub-Saharan Africa (excluding high income),SSA,2024,0.63368863,0.436776252,0.41912737,0.523421342
Sub-Saharan Africa (excluding high income),SSA,2024,0.481556009,0.265719245,0.362814349,0.421008598
Europe & Central Asia (excluding high income),ECA,2024,0.746934538,0.744000622,0.081133012,0.537128257
Europe & Central Asia (excluding high income),ECA,2024,0.812784535,0.809879215,0.143562514,0.682229324
Middle East & North Africa (excluding high income),MNA,2024,0.523858783,0.499825428,0.090157672,0.386128633
Middle East & North Africa (excluding high income),MNA,2024,0.532940683,0.499724748,0.119445632,0.376119205
Sub-Saharan Africa (excluding high income),SSA,2024,0.523880666,0.322291965,0.358831612,0.433252271
Sub-Saharan Africa (excluding high income),SSA,2024,0.695845556,0.488987967,0.480801901,0.597238213
Europe & Central Asia (excluding high income),ECA,2024,0.68050874,0.678452626,0.055123891,0.446555236
Europe & Central Asia (excluding high income),ECA,2024,0.860629938,0.857369164,0.149911136,0.772995688
Middle East & North Africa (excluding high income),MNA,2024,0.456113405,0.429116105,0.072486627,0.315472879
Middle East & North Africa (excluding high income),MNA,2024,0.625044037,0.592613638,0.152597972,0.465389529
Sub-Saharan Africa (excluding high income),SSA,2024,0.479310662,0.318763655,0.269692215,0.364863724
Sub-Saharan Africa (excluding high income),SSA,2024,0.633528591,0.408568868,0.465617057,0.550869097
Europe & Central Asia (excluding high income),ECA,2024,0.808888483,0.806725867,0.114770462,0.686078614
Europe & Central Asia (excluding high income),ECA,2024,0.602330652,0.596392651,0.052802204,0.260893704
Middle East & North Africa (excluding high income),MNA,2024,0.605939974,0.572696362,0.147898132,0.481879652
Middle East & North Africa (excluding high income),MNA,2024,0.423637565,0.399533211,0.050497159,0.240808123
Sub-Saharan Africa (excluding high income),SSA,2024,0.753467691,0.523483701,0.555195531,0.686953844
Sub-Saharan Africa (excluding high income),SSA,2024,0.441932537,0.259032517,0.275014387,0.327374614
Latin America & Caribbean (excluding high income),LAC,2024,0.697191455,0.664234704,0.372803921,0.541133601
South Asia,SAS,2024,0.775683155,0.753220761,0.219287665,0.289250634
Latin America & Caribbean (excluding high income),LAC,2024,0.739032184,0.707587586,0.410483916,0.587956589
Latin America & Caribbean (excluding high income),LAC,2024,0.658592671,0.624240931,0.338043484,0.497938598
South Asia,SAS,2024,0.80050516,0.765864093,0.309445784,0.384221435
South Asia,SAS,2024,0.750596309,0.740442529,0.128167591,0.193266527
Latin America & Caribbean (excluding high income),LAC,2024,0.764930412,0.734835477,0.429409272,0.622186563
Latin America & Caribbean (excluding high income),LAC,2024,0.595402386,0.558145278,0.28774495,0.419338019
South Asia,SAS,2024,0.804348488,0.77691398,0.300037576,0.37778102
South Asia,SAS,2024,0.732503055,0.717530417,0.097649823,0.155892651
Latin America & Caribbean (excluding high income),LAC,2024,0.711095598,0.684118262,0.355924201,0.535391995
Latin America & Caribbean (excluding high income),LAC,2024,0.644020144,0.588197304,0.437354241,0.563090274
South Asia,SAS,2024,0.798036794,0.782309411,0.198749229,0.268277337
South Asia,SAS,2024,0.716592899,0.67632698,0.273579564,0.344692055
Latin America & Caribbean (excluding high income),LAC,2024,0.650267722,0.622273548,0.306184166,0.446666939
Latin America & Caribbean (excluding high income),LAC,2024,0.731284257,0.694253925,0.424168166,0.609112364
South Asia,SAS,2024,0.801831435,0.785226228,0.184624354,0.259639968
South Asia,SAS,2024,0.726484942,0.693002199,0.284506985,0.344963355
Latin America & Caribbean (excluding high income),LAC,2024,0.59571313,0.566768277,0.219579066,0.39148408
Latin America & Caribbean (excluding high income),LAC,2024,0.755760081,0.720487846,0.461238265,0.627504426
South Asia,SAS,2024,0.686839667,0.665922994,0.136215992,0.189863651
South Asia,SAS,2024,0.84580536,0.822122962,0.284854304,0.367694586
Latin America & Caribbean (excluding high income),LAC,2024,0.776088311,0.739830686,0.478326758,0.661228166
Latin America & Caribbean (excluding high income),LAC,2024,0.527047141,0.50049101,0.147339785,0.285650736
South Asia,SAS,2024,0.813903063,0.7791385,0.435114475,0.512792247
South Asia,SAS,2024,0.755077118,0.739359092,0.103021965,0.168848318
Low income,LIC,2024,0.464432333,0.257597745,0.317694503,0.347266318
Lower middle income,LMC,2024,0.703871704,0.649734164,0.244393827,0.368154092
Upper middle income,UMC,2024,0.840421009,0.832392924,0.10648931,0.749035478
Low income,LIC,2024,0.525379811,0.300426189,0.375036165,0.412943303
Low income,LIC,2024,0.406036506,0.216562374,0.262753529,0.284338991
Lower middle income,LMC,2024,0.732011063,0.671914564,0.309543356,0.436156271
Lower middle income,LMC,2024,0.675857063,0.627652071,0.179533054,0.300453311
Upper middle income,UMC,2024,0.856197734,0.848485472,0.115669987,0.768596093
Upper middle income,UMC,2024,0.824502184,0.816155431,0.097225943,0.729181228
Low income,LIC,2024,0.525124803,0.288018564,0.376429775,0.404632761
Low income,LIC,2024,0.373202147,0.211870541,0.229406289,0.261035667
Lower middle income,LMC,2024,0.75044465,0.691072244,0.315369275,0.451019832
Lower middle income,LMC,2024,0.63394313,0.588036223,0.137158969,0.243178888
Upper middle income,UMC,2024,0.888698891,0.881137578,0.125031288,0.819686091
Upper middle income,UMC,2024,0.767589588,0.758857336,0.078517108,0.642421827
Low income,LIC,2024,0.499318628,0.299087833,0.327288088,0.360329278
Low income,LIC,2024,0.402096195,0.183461703,0.300552327,0.323924933
Lower middle income,LMC,2024,0.725735686,0.683638694,0.222058439,0.357661899
Lower middle income,LMC,2024,0.644537697,0.557724773,0.305007126,0.396627579
Upper middle income,UMC,2024,0.849723128,0.843837128,0.095444665,0.755787181
Upper middle income,UMC,2024,0.786585023,0.766159631,0.170410157,0.710231796
Low income,LIC,2024,0.422106269,0.236656459,0.272258104,0.30306035
Low income,LIC,2024,0.582363183,0.31594533,0.444291511,0.470435044
Lower middle income,LMC,2024,0.716542467,0.665755691,0.218232217,0.334975857
Lower middle income,LMC,2024,0.683007922,0.623307868,0.287129473,0.41955609
Upper middle income,UMC,2024,0.785493213,0.775811006,0.121856147,0.648601776
Upper middle income,UMC,2024,0.86776174,0.859717786,0.109715271,0.795375319
Low income,LIC,2024,0.388926665,0.240822878,0.20846618,0.241340944
Low income,LIC,2024,0.504065662,0.266402963,0.375029034,0.402867115
Lower middle income,LMC,2024,0.611706556,0.567056604,0.15023364,0.254851281
Lower middle income,LMC,2024,0.769888006,0.708954671,0.311839142,0.449310937
Upper middle income,UMC,2024,0.636587697,0.616054068,0.174262287,0.413483985
Upper middle income,UMC,2024,0.813487174,0.789040241,0.391207606,0.677614199
Low income,LIC,2024,0.634704899,0.317679086,0.525004196,0.556327769
Low income,LIC,2024,0.376106268,0.226662081,0.209943375,0.238681038
Lower middle income,LMC,2024,0.755855389,0.688198497,0.383805054,0.557626811
Lower middle income,LMC,2024,0.660206068433769,0.617635059,0.126634962,0.208142479
Upper middle income,UMC,2024,0.879883765,0.869420828,0.158764647,0.825746232
Upper middle income,UMC,2024,0.78789546,0.782939245,0.037298431,0.654550669
