country,country_code,year,account_pct,bank_account_pct,mobile_account_pct,digital_account_pct,country_name,poverty_headcount,gini
Argentina,ARG,2024,0.817442447,0.728989947,0.567395437,0.713077048,Argentina,0.009636804608,0.423533182338
Dominican Republic,DOM,2024,0.647779639,0.632920319,0.180158284,0.417732053,Dominican Republic,0.007753300784,0.389712571405
Ecuador,ECU,2024,0.645052104,0.639477053,0.100848646,0.383949186,Ecuador,0.073132636601,0.451954747261
Honduras,HND,2024,0.424429707,0.39273054,0.108892565,0.228849199,Honduras,0.157173706393,0.45676117381
Indonesia,IDN,2024,0.563278494,0.523919069,0.220129024,0.373694773,Indonesia,0.054381132299,0.348943937896
Panama,PAN,2024,0.640952131,0.608679812,0.380533533,0.490105705,Panama,0.031258316921,0.497335432231
Paraguay,PRY,2024,0.60916761,0.455472583,0.359483793,0.472629972,Paraguay,0.021053328962,0.442453362094
Peru,PER,2024,0.593098978,0.498244622,0.42497337,0.479470402,Peru,0.051405638887,0.401258629673
Tajikistan,TJK,2024,0.545193771,0.524742715,0.144302101,0.27896827,Tajikistan,0.0613354089,0.361080032292
Argentina,ARG,2024,0.789395531,0.68401531,0.583533395,0.69191236,Argentina,0.009636804608,0.423533182338
Argentina,ARG,2024,0.842497433,0.769166873,0.55297901,0.731983974,Argentina,0.009636804608,0.423533182338
Dominican Republic,DOM,2024,0.682420116,0.663226207,0.21327548,0.472928989,Dominican Republic,0.007753300784,0.389712571405
Dominican Republic,DOM,2024,0.614376464,0.603696909,0.148223982,0.364506662,Dominican Republic,0.007753300784,0.389712571405
Ecuador,ECU,2024,0.655985687,0.647399653,0.122459785,0.448130576,Ecuador,0.073132636601,0.451954747261
Ecuador,ECU,2024,0.635126837,0.63228509,0.081230529,0.325686733,Ecuador,0.073132636601,0.451954747261
Honduras,HND,2024,0.527899759,0.481952283,0.157323056,0.30545409,Honduras,0.157173706393,0.45676117381
Honduras,HND,2024,0.340839092,0.320650744,0.0697669,0.16696221,Honduras,0.157173706393,0.45676117381
Indonesia,IDN,2024,0.546388119,0.509147458,0.241305391,0.380771688,Indonesia,0.054381132299,0.348943937896
Indonesia,IDN,2024,0.580308452,0.538812753,0.198777655,0.366559374,Indonesia,0.054381132299,0.348943937896
Panama,PAN,2024,0.70391512,0.671001389,0.392413931,0.506874635,Panama,0.031258316921,0.497335432231
Panama,PAN,2024,0.581187551,0.549524061,0.369256639,0.474188608,Panama,0.031258316921,0.497335432231
Paraguay,PRY,2024,0.617674731,0.487531151,0.36581947,0.481688049,Paraguay,0.021053328962,0.442453362094
Paraguay,PRY,2024,0.601097093,0.425059329,0.353473275,0.464036775,Paraguay,0.021053328962,0.442453362094
Peru,PER,2024,0.624782759,0.535640585,0.476929215,0.53699655,Peru,0.051405638887,0.401258629673
Peru,PER,2024,0.561785669,0.461285922,0.373625034,0.422616896,Peru,0.051405638887,0.401258629673
Tajikistan,TJK,2024,0.625557725,0.588959209,0.218867251,0.359353523,Tajikistan,0.0613354089,0.361080032292
Tajikistan,TJK,2024,0.469005363,0.463862777,0.073611202,0.202759668,Tajikistan,0.0613354089,0.361080032292
Argentina,ARG,2024,0.864417641,0.794774104,0.614011013,0.768146342,Argentina,0.009636804608,0.423533182338
Argentina,ARG,2024,0.746649665,0.629851591,0.497144608,0.630086258,Argentina,0.009636804608,0.423533182338
Dominican Republic,DOM,2024,0.726289033,0.71181054,0.233989507,0.527579606,Dominican Republic,0.007753300784,0.389712571405
Dominican Republic,DOM,2024,0.52950278,0.514069733,0.099059862,0.252243277,Dominican Republic,0.007753300784,0.389712571405
Ecuador,ECU,2024,0.698771073,0.695118194,0.135344164,0.485514483,Ecuador,0.073132636601,0.451954747261
Ecuador,ECU,2024,0.564453859,0.555994841,0.04909266,0.231563824,Ecuador,0.073132636601,0.451954747261
Honduras,HND,2024,0.482404991,0.455967211,0.115911306,0.256645668,Honduras,0.157173706393,0.45676117381
Honduras,HND,2024,0.337073036,0.297446057,0.098316783,0.186965713,Honduras,0.157173706393,0.45676117381
Indonesia,IDN,2024,0.615891425,0.572398132,0.285681428,0.442385364,Indonesia,0.054381132299,0.348943937896
Indonesia,IDN,2024,0.484188045,0.451042862,0.121587297,0.270435563,Indonesia,0.054381132299,0.348943937896
Panama,PAN,2024,0.765155782,0.740074665,0.502039899,0.62759359,Panama,0.031258316921,0.497335432231
Panama,PAN,2024,0.454815776,0.411766446,0.198439433,0.284061087,Panama,0.031258316921,0.497335432231
Paraguay,PRY,2024,0.681355834,0.534994885,0.412431531,0.552463302,Paraguay,0.021053328962,0.442453362094
Paraguay,PRY,2024,0.500776335,0.336069125,0.279982282,0.352759501,Paraguay,0.021053328962,0.442453362094
Peru,PER,2024,0.690577749,0.592945296,0.540667372,0.602507858,Peru,0.051405638887,0.401258629673
Peru,PER,2024,0.446241136,0.355572156,0.250673147,0.294106809,Peru,0.051405638887,0.401258629673
Tajikistan,TJK,2024,0.575514616,0.545489262,0.197862023,0.34294567,Tajikistan,0.0613354089,0.361080032292
Tajikistan,TJK,2024,0.499650557,0.493580508,0.063852793,0.182871462,Tajikistan,0.0613354089,0.361080032292
Argentina,ARG,2024,0.810976343,0.751253701,0.521534409,0.687142219,Argentina,0.009636804608,0.423533182338
Argentina,ARG,2024,0.843725876,0.6384922,0.753811424,0.818496987,Argentina,0.009636804608,0.423533182338
Dominican Republic,DOM,2024,0.700094574,0.687436418,0.183038647,0.43272542,Dominican Republic,0.007753300784,0.389712571405
Dominican Republic,DOM,2024,0.474303767,0.452145409,0.170607028,0.368014177,Dominican Republic,0.007753300784,0.389712571405
Ecuador,ECU,2024,0.657733737,0.650776316,0.093464961,0.352532856,Ecuador,0.073132636601,0.451954747261
Ecuador,ECU,2024,0.605153389,0.603927523,0.124079055,0.482790649,Ecuador,0.073132636601,0.451954747261
Honduras,HND,2024,0.428835696,0.40226972,0.095671811,0.210249595,Honduras,0.157173706393,0.45676117381
Honduras,HND,2024,0.411686514,0.365140906,0.14713021,0.282643793,Honduras,0.157173706393,0.45676117381
Indonesia,IDN,2024,0.547250177,0.529377829,0.17093372,0.343807714,Indonesia,0.054381132299,0.348943937896
Indonesia,IDN,2024,0.619926628,0.504626426,0.393997695,0.479323215,Indonesia,0.054381132299,0.348943937896
Panama,PAN,2024,0.658787018,0.633647321,0.36610663,0.491828392,Panama,0.031258316921,0.497335432231
Panama,PAN,2024,0.575227278,0.516669928,0.433699337,0.483757286,Panama,0.031258316921,0.497335432231
Paraguay,PRY,2024,0.65079302,0.508153407,0.365891925,0.485327038,Paraguay,0.021053328962,0.442453362094
Paraguay,PRY,2024,0.472972593,0.283105137,0.338516895,0.431086186,Paraguay,0.021053328962,0.442453362094
Peru,PER,2024,0.609900311,0.53848169,0.411898343,0.475353886,Peru,0.051405638887,0.401258629673
Peru,PER,2024,0.52985689,0.346787819,0.474189229,0.49496543,Peru,0.051405638887,0.401258629673
Tajikistan,TJK,2024,0.637446312,0.624216543,0.162653536,0.321261833,Tajikistan,0.0613354089,0.361080032292
Tajikistan,TJK,2024,0.297660846,0.257833561,0.095061351,0.165485765,Tajikistan,0.0613354089,0.361080032292
Argentina,ARG,2024,0.76653411,0.716504108,0.493645815,0.632303527,Argentina,0.009636804608,0.423533182338
Argentina,ARG,2024,0.842549103,0.735147634,0.603766815,0.75291243,Argentina,0.009636804608,0.423533182338
Dominican Republic,DOM,2024,0.655086458,0.632327617,0.173169561,0.373572022,Dominican Republic,0.007753300784,0.389712571405
Dominican Republic,DOM,2024,0.643933991,0.633232264,0.183836515,0.440973892,Dominican Republic,0.007753300784,0.389712571405
Ecuador,ECU,2024,0.62558797,0.624963982,0.066387054,0.323428915,Ecuador,0.073132636601,0.451954747261
Ecuador,ECU,2024,0.662579741,0.65254621,0.131881635,0.438448263,Ecuador,0.073132636601,0.451954747261
Honduras,HND,2024,0.372737884,0.352400868,0.085403352,0.166943973,Honduras,0.157173706393,0.45676117381
Honduras,HND,2024,0.497313261,0.449593882,0.142011483,0.316133272,Honduras,0.157173706393,0.45676117381
Indonesia,IDN,2024,0.560297534,0.523423367,0.202215571,0.361561381,Indonesia,0.054381132299,0.348943937896
Indonesia,IDN,2024,0.566660992,0.524481542,0.240455438,0.387462546,Indonesia,0.054381132299,0.348943937896
Panama,PAN,2024,0.558745139,0.53091912,0.264968437,0.371592745,Panama,0.031258316921,0.497335432231
Panama,PAN,2024,0.738638027,0.701082205,0.517858591,0.630933686,Panama,0.031258316921,0.497335432231
Paraguay,PRY,2024,0.575761747,0.41957784,0.34776391,0.436489875,Paraguay,0.021053328962,0.442453362094
Paraguay,PRY,2024,0.658082988,0.508032367,0.376644927,0.525549021,Paraguay,0.021053328962,0.442453362094
Peru,PER,2024,0.556652117,0.482538655,0.344909702,0.396695096,Peru,0.051405638887,0.401258629673
Peru,PER,2024,0.623240615,0.511233492,0.491186206,0.547925769,Peru,0.051405638887,0.401258629673
Tajikistan,TJK,2024,0.554681524,0.538921814,0.143650619,0.271070547,Tajikistan,0.0613354089,0.361080032292
Tajikistan,TJK,2024,0.522499238,0.490826565,0.145860435,0.297859483,Tajikistan,0.0613354089,0.361080032292
Argentina,ARG,2024,0.71270525,0.628094819,0.380175259,0.557659204,Argentina,0.009636804608,0.423533182338
Argentina,ARG,2024,0.878591044,0.787895433,0.676699978,0.803814469,Argentina,0.009636804608,0.423533182338
Dominican Republic,DOM,2024,0.473542294,0.445545868,0.092639763,0.219836866,Dominican Republic,0.007753300784,0.389712571405
Dominican Republic,DOM,2024,0.752296568,0.745317591,0.2326566,0.536440227,Dominican Republic,0.007753300784,0.389712571405
Ecuador,ECU,2024,0.493353698,0.489710506,0.034154493,0.254915826,Ecuador,0.073132636601,0.451954747261
Ecuador,ECU,2024,0.702990746,0.696677853,0.12632135,0.433231297,Ecuador,0.073132636601,0.451954747261
Honduras,HND,2024,0.299703531,0.268715805,0.042486041,0.128386733,Honduras,0.157173706393,0.45676117381
Honduras,HND,2024,0.51604608,0.483824332,0.157670816,0.302642905,Honduras,0.157173706393,0.45676117381
Indonesia,IDN,2024,0.472826535,0.436237505,0.167338244,0.282330797,Indonesia,0.054381132299,0.348943937896
Indonesia,IDN,2024,0.621964745,0.580807857,0.254380277,0.432972752,Indonesia,0.054381132299,0.348943937896
Panama,PAN,2024,0.506679346,0.465535618,0.266632893,0.352478606,Panama,0.031258316921,0.497335432231
Panama,PAN,2024,0.730438845,0.704078917,0.456443138,0.581827917,Panama,0.031258316921,0.497335432231
Paraguay,PRY,2024,0.506277806,0.340010951,0.251750351,0.321625964,Paraguay,0.021053328962,0.442453362094
Paraguay,PRY,2024,0.656531594,0.508623845,0.409077482,0.542142705,Paraguay,0.021053328962,0.442453362094
Peru,PER,2024,0.413152585,0.30068433,0.250233949,0.280369509,Peru,0.051405638887,0.401258629673
Peru,PER,2024,0.670795098,0.58354596,0.500421257,0.565436931,Peru,0.051405638887,0.401258629673
Tajikistan,TJK,2024,0.417833225,0.410463354,0.056864411,0.17498928,Tajikistan,0.0613354089,0.361080032292
Tajikistan,TJK,2024,0.685783103,0.650892135,0.240821837,0.393747431,Tajikistan,0.0613354089,0.361080032292
Argentina,ARG,2024,0.882990053,0.795422873,0.66335448,0.80779823,Argentina,0.009636804608,0.423533182338
Argentina,ARG,2024,0.629313926,0.537310159,0.285592601,0.436463086,Argentina,0.009636804608,0.423533182338
Dominican Republic,DOM,2024,0.734886801,0.72661645,0.229944089,0.524354432,Dominican Republic,0.007753300784,0.389712571405
Dominican Republic,DOM,2024,0.496430093,0.468046826,0.085348152,0.222699539,Dominican Republic,0.007753300784,0.389712571405
Ecuador,ECU,2024,0.72077356,0.714727572,0.142627782,0.507116951,Ecuador,0.073132636601,0.451954747261
Ecuador,ECU,2024,0.500900332,0.496173955,0.02032068,0.147699769,Ecuador,0.073132636601,0.451954747261
Honduras,HND,2024,0.614884162,0.568202379,0.175431236,0.416838243,Honduras,0.157173706393,0.45676117381
Honduras,HND,2024,0.325856754,0.307570617,0.069991021,0.128830709,Honduras,0.157173706393,0.45676117381
Indonesia,IDN,2024,0.683276707,0.626772918,0.314061486,0.491836497,Indonesia,0.054381132299,0.348943937896
Indonesia,IDN,2024,0.376382056,0.363802653,0.073412114,0.18934763,Indonesia,0.054381132299,0.348943937896
Panama,PAN,2024,0.703648329,0.666113425,0.470904887,0.582692483,Panama,0.031258316921,0.497335432231
Panama,PAN,2024,0.418878748,0.404752445,0.062888522,0.166006727,Panama,0.031258316921,0.497335432231
Paraguay,PRY,2024,0.698155485,0.528437004,0.459122826,0.612070945,Paraguay,0.021053328962,0.442453362094
Paraguay,PRY,2024,0.481488589,0.349703458,0.212396209,0.264677635,Paraguay,0.021053328962,0.442453362094
Peru,PER,2024,0.665090548,0.565819753,0.495334064,0.557187936,Peru,0.051405638887,0.401258629673
Peru,PER,2024,0.296369606,0.227425056,0.133413284,0.15842867,Peru,0.051405638887,0.401258629673
Tajikistan,TJK,2024,0.585541161,0.565786086,0.174170449,0.310553372,Tajikistan,0.0613354089,0.361080032292
Tajikistan,TJK,2024,0.435802726,0.4133819,0.063497297,0.193980096,Tajikistan,0.0613354089,0.361080032292
